apn,address,base_zoning,lot_size_sqft,zip_code,original_score,calibrated_score,score_improvement,original_tier,calibrated_tier,toc_tier,toc_bonus_points,toc_station,distance_to_transit,final_use_case,investment_grade
5406030028,1069 W SUNSET BLVD,DM1,3509.3,90012.0,24.52,28.51,3.990000000000002,D,D,,,,,Hold/Income Property,False
6037008023,9107 S DALTON AVE,R1,6748.1,90047.0,32.69,31.0,-1.6899999999999977,D,D,,,,,Hold/Income Property,False
2119007004,18147 W COHASSET ST,R1,6317.7,91335.0,32.15,30.57,-1.5799999999999983,D,D,,,,,Hold/Income Property,False
4313016037,9603 W VENICE BLVD,MU(EC),4377.0,90232.0,26.69,29.38,2.6899999999999977,D,D,,,,,Hold/Income Property,False
7422013005,1739 N BANNING BLVD,R1,5430.2,90744.0,31.04,29.68,-1.3599999999999994,D,D,0.0,0.0,North Hollywood,28008.0,Hold/Income Property,False
2210014017,8140 N WILLIS AVE,R1,6239.8,91402.0,32.05,30.49,-1.5599999999999987,D,D,,,,,Hold/Income Property,False
5002006006,1237 W 54TH ST,R2,5188.0,90037.0,34.23,34.69,0.46000000000000085,D,D,,,,,Hold/Income Property,False
2184053020,18440 W ST MORITZ DR,RA,18039.9,91356.0,34.71,33.41,-1.3000000000000043,D,D,,,,,Hold/Income Property,False
5210034005,,CM,6118.4,,46.15,47.12,0.9699999999999989,D,D,,,,,Commercial Development,False
2276007037,4576 N SEPULVEDA BLVD,C2,7990.0,91403.0,49.82,52.16,2.3399999999999963,D,C,0.0,0.0,Highland Park,11838.0,Commercial Development,False
2334010039,6248 N AGNES AVE,R1,6749.8,91606.0,32.69,31.0,-1.6899999999999977,D,D,,,,,Hold/Income Property,False
2269012008,13944 W HESBY ST,R1,6049.2,91423.0,31.81,30.3,-1.509999999999998,D,D,0.0,0.0,Hollywood/Western,5548.0,Hold/Income Property,False
5422019021,2152 W EWING ST,R2,7490.6,90039.0,36.91,36.83,-0.0799999999999983,D,D,,,,,Hold/Income Property,False
6014024027,1337 W 69TH ST,R1,4026.7,90044.0,28.07,28.28,0.21000000000000085,D,D,,,,,Hold/Income Property,False
2123003010,6505 N YARMOUTH AVE,R1,6041.4,91335.0,31.8,30.29,-1.5100000000000016,D,D,,,,,Hold/Income Property,False
2524016006,13466 W BROWNELL ST,R1,7438.8,91340.0,33.37,31.54,-1.8299999999999983,D,D,,,,,Hold/Income Property,False
2126026011,6838 N GEYSER AVE,R1,6746.2,91335.0,32.68,31.0,-1.6799999999999997,D,D,0.0,0.0,Expo/Bundy,12927.0,Hold/Income Property,False
5082024019,,C4,1916.0,,41.44,49.92,8.480000000000004,D,D,,,,,Commercial Development,False
2134026017,19835 W HAMLIN ST,RS,7498.9,91367.0,32.72,30.88,-1.8399999999999999,D,D,,,,,Hold/Income Property,False
4220016018,11939 W JEFFERSON BLVD,R3,2500.1,90230.0,36.92,39.0,2.0799999999999983,D,D,0.0,0.0,North Hollywood,45776.0,Multi-Family Development,False
2787034011,17471 W RAYMER ST,RA,24939.4,91325.0,37.7,34.79,-2.9100000000000037,D,D,,,,,Hold/Income Property,False
2701039017,20133 W VIA CELLINI,RE11,11049.6,91326.0,34.01,31.92,-2.0899999999999963,D,D,0.0,0.0,North Hollywood,52800.0,Hold/Income Property,False
5436026022,3455 W GARDEN AVE,R1,6756.3,90039.0,32.7,31.01,-1.6900000000000013,D,D,0.0,0.0,North Hollywood,26062.0,Hold/Income Property,False
5185027025,656 S MATHEWS ST,R2,5250.1,90023.0,34.31,34.75,0.4399999999999977,D,D,,,,,Hold/Income Property,False
2269018014,14006 W LA MAIDA ST,R1,5994.0,91423.0,31.74,30.24,-1.5,D,D,0.0,0.0,North Hollywood,37651.0,Hold/Income Property,False
2272028010,3624 N GLENRIDGE DR,RE40,12242.6,91423.0,34.31,32.4,-1.9100000000000037,D,D,0.0,0.0,Maravilla,6416.0,Hold/Income Property,False
2279008013,3525 N WOODCLIFF ROAD,RE15,6966.5,91403.0,31.21,29.47,-1.740000000000002,D,D,0.0,0.0,Hollywood/Western,12825.0,Hold/Income Property,False
4116016012,260 E REES ST,R1,6994.2,90293.0,32.99,31.24,-1.7500000000000036,D,D,,,,,Hold/Income Property,False
5469009002,645 N AVE 50,RD2,6154.0,90042.0,45.94,44.4,-1.5399999999999991,D,D,,,,,Hold/Income Property,False
4314021019,3326 1-9 S KEYSTONE AVE,R3,7495.2,90034.0,44.16,42.83,-1.3299999999999983,D,D,,,,,Multi-Family Development,False
7349018028,1539 W 214TH ST,R1,6000.7,90501.0,31.75,30.25,-1.5,D,D,0.0,0.0,Long Beach,48425.0,Hold/Income Property,False
7459010014,1356 W 17TH ST,R1,6832.8,90732.0,32.79,31.08,-1.7100000000000009,D,D,0.0,0.0,Washington,9341.0,Hold/Income Property,False
5064008028,,C2,3256.1,,43.14,49.26,6.119999999999997,D,D,,,,,Commercial Development,False
2527005013,11870 N SPROULE AVE,R1,7352.4,91331.0,33.29,31.48,-1.8099999999999987,D,D,0.0,0.0,North Hollywood,21350.0,Hold/Income Property,False
2507012012,14466 W BEAVER ST,R1,6171.3,91342.0,31.96,34.92,2.960000000000001,D,D,2.0,8.0,Farmdale,1624.0,Hold/Income Property,False
5431036010,1745 N SILVER LAKE BLVD,R2,2703.3,90026.0,28.01,31.2,3.1899999999999977,D,D,0.0,0.0,Expo/Bundy,8461.0,Hold/Income Property,False
5567013031,2012 N STANLEY HILLS DR,R1,3000.0,90046.0,25.5,27.25,1.75,D,D,,,,,Hold/Income Property,False
5402034014,2127 3/4 W SUNSET BLVD,C2,7512.9,90026.0,50.93,54.34,3.4100000000000037,C,C,,,,,Commercial Development,False
7425015003,1310 E ROBIDOUX ST,R1,5120.6,90744.0,30.65,29.37,-1.2799999999999976,D,D,,,,,Hold/Income Property,False
5139011002,1053 S HILL ST,HB3,4783.2,90015.0,26.71,29.78,3.0700000000000003,D,D,0.0,0.0,Expo/Sepulveda,4684.0,Hold/Income Property,False
2369023001,3809 N BUENA PARK DR,R1,8714.1,91604.0,34.43,32.39,-2.039999999999999,D,D,0.0,0.0,Long Beach,40782.0,Hold/Income Property,False
2555026024,8428 W FENWICK ST,R1,4949.7,91040.0,30.37,29.2,-1.1700000000000017,D,D,0.0,0.0,,,Hold/Income Property,False
2355006035,11849 W HARTSOOK ST,R1,7799.8,91607.0,33.67,31.78,-1.8900000000000006,D,D,0.0,0.0,Sierra Madre Villa,48906.0,Hold/Income Property,False
6002014033,1611 W 60TH ST,R1,3370.5,90047.0,26.43,27.62,1.1900000000000013,D,D,,,,,Hold/Income Property,False
5050006038,2432 S WEST BLVD,R2,3818.1,90016.0,31.05,33.32,2.2699999999999996,D,D,0.0,0.0,North Hollywood,31638.0,Hold/Income Property,False
2538027005,11254 W SHELDON ST,RA,20014.1,91352.0,37.7,36.8,-0.9000000000000057,D,D,1.0,5.0,Crenshaw/Slauson,2414.0,Hold/Income Property,False
4238022017,1803 S STRONGS DR,R3,3836.0,90291.0,38.34,39.34,1.0,D,D,,,,,Multi-Family Development,False
4377037014,10860 W VIA VERONA,RE15,12520.6,90077.0,34.38,32.51,-1.8700000000000045,D,D,,,,,Hold/Income Property,False
4257015050,12051 W NATIONAL BLVD,R1V2,7335.5,90064.0,33.28,31.47,-1.8100000000000023,D,D,0.0,0.0,Highland Park,8666.0,Hold/Income Property,False
5473030025,1741 W COLLEGE VIEW PL,R1,9653.3,90041.0,35.21,33.02,-2.1899999999999977,D,D,,,,,Hold/Income Property,False
2112005019,21121 W COHASSET ST,R1,6209.7,91303.0,32.01,30.46,-1.5499999999999972,D,D,,,,,Hold/Income Property,False
6018027014,1515 W 79TH ST,R1,5438.6,90047.0,31.05,29.69,-1.3599999999999994,D,D,,,,,Hold/Income Property,False
4244005002,12906 W WARREN AVE,R1V2,6050.2,90066.0,31.81,30.3,-1.509999999999998,D,D,0.0,0.0,Highland Park,4196.0,Hold/Income Property,False
5549026030,2178 N BROADVIEW TER,R2,2307.0,90068.0,27.84,31.81,3.969999999999999,D,D,,,,,Hold/Income Property,False
4238006026,514 E ALTAIR PL,RD1.5,2707.2,90291.0,35.71,36.46,0.75,D,D,0.0,0.0,Little Tokyo/Arts District,12488.0,Hold/Income Property,False
5510010010,6217 W 5TH ST,R1,6025.3,90048.0,31.78,30.28,-1.5,D,D,0.0,0.0,Compton,24101.0,Hold/Income Property,False
2510007017,13572 N KISMET AVE,R1,5590.0,91342.0,31.24,29.84,-1.3999999999999986,D,D,,,,,Hold/Income Property,False
2222022004,15414 W LEADWELL ST,R1,6749.6,91406.0,32.69,31.0,-1.6899999999999977,D,D,0.0,0.0,North Hollywood,46140.0,Hold/Income Property,False
5480025005,1222 W WILDWOOD DR,R1,6179.8,90041.0,31.97,30.43,-1.5399999999999991,D,D,0.0,0.0,North Hollywood,33419.0,Hold/Income Property,False
4409020017,781 N RANCH LANE,RE11,8858.9,90272.0,31.3,28.24,-3.0600000000000023,D,D,,,,,Hold/Income Property,False
4254015008,3244 S MIDVALE AVE,R1,5939.4,90034.0,31.67,30.19,-1.4800000000000004,D,D,0.0,0.0,Sierra Madre Villa,49514.0,Hold/Income Property,False
4244005025,13001 W ROSE AVE,R1V2,7795.5,90066.0,33.66,31.78,-1.8799999999999955,D,D,0.0,0.0,Downtown Santa Monica,16632.0,Hold/Income Property,False
2701010054,19610 W TURTLE SPRINGS WAY,RD6,4897.8,91326.0,31.29,31.95,0.6600000000000001,D,D,,,,,Hold/Income Property,False
5565040012,8382 W MULHOLLAND DR,RE15,12817.6,90046.0,34.45,32.63,-1.8200000000000003,D,D,0.0,0.0,Sierra Madre Villa,29874.0,Hold/Income Property,False
4116025007,426 E TALBERT ST,R1,6000.4,90293.0,31.75,30.25,-1.5,D,D,,,,,Hold/Income Property,False
5002022019,1025 W 56TH ST,R2,5114.2,90037.0,34.14,37.01,2.8699999999999974,D,D,,,,,Hold/Income Property,False
2623021007,9952 N HADDON AVE,R1,7218.0,91331.0,33.18,31.4,-1.7800000000000011,D,D,,,,,Hold/Income Property,False
5146002037,1011 E 8TH ST,LB1,3210.2,90021.0,22.78,26.71,3.9299999999999997,D,D,,,,,Hold/Income Property,False
5424011017,1428 N OCCIDENTAL BLVD,R1,4987.2,90026.0,30.47,29.24,-1.2300000000000004,D,D,0.0,0.0,Hollywood/Highland,4547.0,Hold/Income Property,False
2301004005,13455 W EBELL ST,R1,6775.1,91402.0,32.72,31.03,-1.6899999999999977,D,D,,,,,Hold/Income Property,False
5527005002,852 N GENESEE AVE,R2,6498.4,90046.0,34.37,33.5,-0.8699999999999974,D,D,0.0,0.0,Sierra Madre Villa,39322.0,Hold/Income Property,False
5046028009,3693 S VIRGINIA ROAD,R1,6239.9,90016.0,32.05,33.49,1.4400000000000048,D,D,1.0,5.0,Washington/Crenshaw,1017.0,Hold/Income Property,False
2508019058,12740 N DE HAVEN AVE,R1,6744.5,91342.0,32.68,30.99,-1.6900000000000013,D,D,,,,,Hold/Income Property,False
4230027007,4250 S BEETHOVEN ST,R1,4400.4,90066.0,29.0,28.65,-0.3500000000000014,D,D,,,,,Hold/Income Property,False
5689004035,,R1,689.4,,21.65,24.94,3.2900000000000027,D,D,0.0,0.0,Washington,18856.0,Hold/Income Property,False
2568015017,7023 W GREELEY ST,RD1.5,7054.9,91042.0,43.75,41.79,-1.9600000000000009,D,D,0.0,0.0,Civic Center/Grand Park,9443.0,Hold/Income Property,False
5577022001,2937 N LAKERIDGE DR,RE15,12599.8,90068.0,34.4,32.54,-1.8599999999999994,D,D,,,,,Hold/Income Property,False
2228030001,7127 N LOUISE AVE,R1,9771.8,91406.0,35.31,37.6,2.289999999999999,D,D,2.0,8.0,7th St/Metro Center,2148.0,Hold/Income Property,False
5103021017,851 E 55TH ST,R2,1400.1,90011.0,25.83,29.9,4.07,D,D,,,,,Hold/Income Property,False
7414037006,1225 W DOLORES ST,R1,6045.7,90744.0,31.81,30.3,-1.509999999999998,D,D,0.0,0.0,North Hollywood,22726.0,Hold/Income Property,False
5135032005,1418 S TOBERMAN ST,RD1.5,7343.3,90015.0,44.49,41.98,-2.510000000000005,D,D,,,,,Hold/Income Property,False
4318012012,2559 S AIKEN AVE,R1V2,5576.8,90064.0,30.72,28.83,-1.8900000000000006,D,D,0.0,0.0,Sierra Madre Villa,52108.0,Hold/Income Property,False
5107013019,4727 S COMPTON AVE,C2,2374.4,90011.0,41.96,49.37,7.409999999999997,D,D,0.0,0.0,Long Beach,25506.0,Commercial Development,False
6039018070,845 W 94TH ST,RD2,4056.0,90044.0,42.14,42.31,0.1700000000000017,D,D,0.0,0.0,Pershing Square,6993.0,Hold/Income Property,False
5147023023,607 E 6TH ST,MB2,3148.1,90021.0,23.62,28.15,4.529999999999998,D,D,0.0,0.0,San Pedro Street,3458.0,Hold/Income Property,False
2316011007,11470 W SATICOY ST,R1,6599.8,91605.0,32.5,30.85,-1.6499999999999986,D,D,,,,,Hold/Income Property,False
2610010029,,OS,276.7,,12.46,16.78,4.32,D,D,,,,,Hold/Income Property,False
5174019018,308 1/2 S BOYLE AVE,R4,7003.1,90033.0,49.0,48.0,-1.0,D,D,,,,,Multi-Family Development,False
6036006027,8807 S GRAMERCY PL,R1,6167.8,90047.0,31.96,30.42,-1.5399999999999991,D,D,,,,,Hold/Income Property,False
2547025004,10652 N VANORA DR,R1,6037.8,91040.0,31.8,30.29,-1.5100000000000016,D,D,0.0,0.0,Long Beach,27115.0,Hold/Income Property,False
2692013016,17154 W MARILLA ST,RA,18896.7,91325.0,34.92,33.58,-1.3400000000000034,D,D,0.0,0.0,Washington,8371.0,Hold/Income Property,False
5108023013,911 E 48TH ST,R2,7411.8,90011.0,36.84,36.77,-0.07000000000000028,D,D,0.0,0.0,North Hollywood,35702.0,Hold/Income Property,False
2190002042,4211 N CANOGA DR,R1,5700.7,91364.0,31.38,29.95,-1.4299999999999997,D,D,,,,,Hold/Income Property,False
7416030025,,RD2,3000.4,,39.0,41.25,2.25,D,D,0.0,0.0,North Hollywood,30405.0,Hold/Income Property,False
4108022029,6367 W 84TH PL,R1V2,6111.9,90045.0,31.89,30.36,-1.5300000000000011,D,D,,,,,Hold/Income Property,False
2128030005,6207 N SYLVIA AVE,R1,7199.8,91335.0,33.17,31.38,-1.7900000000000027,D,D,0.0,0.0,North Hollywood,60279.0,Hold/Income Property,False
5689011027,,R1,499.4,,19.83,22.25,2.4200000000000017,D,D,,,,,Hold/Income Property,False
2159008010,5704 N LINDLEY AVE,R1,5999.3,91316.0,31.75,30.25,-1.5,D,D,0.0,0.0,Firestone,10142.0,Hold/Income Property,False
2685003014,10000 N WHITAKER AVE,RS,8680.2,91343.0,33.7,31.67,-2.030000000000001,D,D,0.0,0.0,Universal City,8143.0,Hold/Income Property,False
5087011019,1122 S LA JOLLA AVE,R1,6883.4,90035.0,32.85,32.63,-0.21999999999999886,D,D,,,,,Hold/Income Property,False
4370004026,801 N STONE CANYON ROAD,RE40,46695.0,90077.0,38.75,40.5,1.75,D,D,,,,,Hold/Income Property,False
5431023019,3042 W LANDA ST,R1,7493.7,90039.0,33.41,31.58,-1.8299999999999983,D,D,0.0,0.0,North Hollywood,40262.0,Hold/Income Property,False
2701022003,19617 W PINE VALLEY WAY,RE11,9163.3,91326.0,33.05,30.94,-2.109999999999996,D,D,,,,,Hold/Income Property,False
6017004006,2126 W FLORENCE AVE,C2,2552.3,90047.0,42.25,49.55,7.299999999999997,D,D,0.0,0.0,Expo/La Cienega,6506.0,Commercial Development,False
2114015007,7336 N DELCO AVE,RS,7499.7,91306.0,32.72,30.88,-1.8399999999999999,D,D,,,,,Hold/Income Property,False
5120027006,822 1/2 E 32ND ST,RD2,5302.9,90011.0,44.88,43.55,-1.3300000000000054,D,D,,,,,Hold/Income Property,False
5455002016,3059 E ISABEL DR,R2,4414.0,90065.0,32.53,33.91,1.3799999999999955,D,D,,,,,Hold/Income Property,False
2509009004,12977 N SPROULE AVE,R1,6102.1,91342.0,31.88,30.35,-1.5299999999999976,D,D,,,,,Hold/Income Property,False
2627033005,8406 N DORRINGTON AVE,R1,6599.7,91402.0,32.5,30.85,-1.6499999999999986,D,D,0.0,0.0,Washington,16956.0,Hold/Income Property,False
5119021007,1246 E ADAMS BLVD,RD1.5,5891.9,90011.0,42.81,40.64,-2.1700000000000017,D,D,,,,,Hold/Income Property,False
2531030006,11952 W HOYT ST,RS,7531.5,91342.0,32.74,30.9,-1.8400000000000034,D,D,,,,,Hold/Income Property,False
7438005001,1551 W OAKHORNE DR,R1,5000.6,90710.0,30.5,29.25,-1.25,D,D,,,,,Hold/Income Property,False
6040014002,8607 S BROADWAY,C2,2568.2,90003.0,40.78,48.57,7.789999999999999,D,D,,,,,Commercial Development,False
2047017006,24258 W BURBANK BLVD,RE11,9941.8,91367.0,33.7,31.46,-2.240000000000002,D,D,,,,,Hold/Income Property,False
5471020022,4841 E LYNN ST,R1,5714.0,90042.0,31.39,29.96,-1.4299999999999997,D,D,0.0,0.0,,,Hold/Income Property,False
5535007011,5363 W LEMON GROVE AVE,R2,8194.1,90038.0,37.5,37.3,-0.20000000000000284,D,D,0.0,0.0,Expo/Bundy,16385.0,Hold/Income Property,False
5121019011,332 E 37TH ST,R2,1877.0,90011.0,26.63,34.88,8.250000000000004,D,D,2.0,8.0,Wilshire/Western,2438.0,Hold/Income Property,False
4406024005,321 S CHADBOURNE AVE,RE11,16738.9,90049.0,34.93,32.85,-2.0799999999999983,D,D,,,,,Hold/Income Property,False
5438005010,2412 W RIVERSIDE DR,R2,3592.4,90039.0,28.98,32.09,3.110000000000003,D,D,,,,,Hold/Income Property,False
2310002015,8207 N AGNES AVE,R1,6049.3,91605.0,31.81,30.3,-1.509999999999998,D,D,0.0,0.0,Wilshire/Western,10532.0,Hold/Income Property,False
4110025034,7471 S DENROCK AVE,R1V2,5876.0,90045.0,31.59,30.13,-1.4600000000000009,D,D,,,,,Hold/Income Property,False
4306023030,9623 W KIRKSIDE ROAD,R1V2,6971.9,90035.0,32.96,31.22,-1.740000000000002,D,D,0.0,0.0,Washington,17642.0,Hold/Income Property,False
5453002046,2658 1/2 E ALICE ST,RD3,6531.7,90065.0,48.16,48.28,0.12000000000000455,D,D,,,,,Hold/Income Property,False
2602011018,17253 W BOSWELL PL,RS,7501.1,91344.0,32.72,36.88,4.160000000000004,D,D,3.0,12.0,Wilshire/Normandie,1100.0,Hold/Income Property,False
5174009027,1606 E NEW JERSEY ST,RD1.5,1258.0,90033.0,33.3,36.01,2.710000000000001,D,D,0.0,0.0,Union Station,4359.0,Hold/Income Property,False
5070007002,1309 S REDONDO BLVD,R2,6403.6,90019.0,35.75,37.4,1.6499999999999986,D,D,,,,,Hold/Income Property,False
5035034007,1825 W 38TH ST,R1,5160.1,90062.0,30.7,29.41,-1.2899999999999991,D,D,,,,,Hold/Income Property,False
5040008022,1342 W 36TH ST,RD1.5,6800.0,90007.0,43.95,41.55,-2.4000000000000057,D,D,0.0,0.0,Long Beach,54781.0,Hold/Income Property,False
2272001017,3913 N HOLLYLINE AVE,RE40,108917.9,91423.0,38.75,40.5,1.75,D,D,,,,,Hold/Income Property,False
2504022019,13970 W FOOTHILL BLVD,R3,11549.2,91342.0,48.14,46.12,-2.020000000000003,D,D,,,,,Multi-Family Development,False
5220019018,2940 N HOLLISTER AVE,R1,5647.2,90032.0,31.31,29.9,-1.4100000000000001,D,D,,,,,Hold/Income Property,False
6063005028,10119 S AVALON BLVD,C2,4054.1,90003.0,45.64,51.05,5.409999999999997,D,C,,,,,Commercial Development,False
2121028003,7043 N JAMIESON AVE,R1,6722.2,91335.0,32.65,30.97,-1.6799999999999997,D,D,0.0,0.0,Hollywood/Highland,6654.0,Hold/Income Property,False
5214009008,4514 E DUDLEY DR,R1,3106.4,90032.0,25.77,27.36,1.5899999999999999,D,D,,,,,Hold/Income Property,False
6032035037,8469 S FLOWER ST,C2,1706.1,90003.0,40.84,48.71,7.869999999999997,D,D,,,,,Commercial Development,False
2153030044,19453 W OXNARD ST,RA,25728.2,91356.0,37.7,34.85,-2.8500000000000014,D,D,0.0,0.0,Expo/La Cienega,15134.0,Hold/Income Property,False
5473031041,1727 N AVE 45,R1,6251.5,90041.0,32.06,30.5,-1.5600000000000023,D,D,0.0,0.0,Firestone,19023.0,Hold/Income Property,False
2552048018,7358 W CHANTILLY CT,RE11,13889.7,91042.0,34.72,33.06,-1.6599999999999966,D,D,0.0,0.0,Sierra Madre Villa,39274.0,Hold/Income Property,False
5691007021,5308 N MOUNT HELENA AVE,R1,10792.4,90041.0,35.7,33.57,-2.1300000000000026,D,D,0.0,0.0,Sierra Madre Villa,34908.0,Hold/Income Property,False
6053013051,228 W 97TH ST,R2,5200.3,90003.0,34.25,34.7,0.45000000000000284,D,D,0.0,0.0,Sierra Madre Villa,42112.0,Hold/Income Property,False
2167018037,5140 N ALHAMA DR,R1,5366.5,91364.0,30.96,29.62,-1.3399999999999999,D,D,0.0,0.0,Expo/La Brea,11136.0,Hold/Income Property,False
6017025024,1831 W 78TH PL,R1,6705.1,90047.0,32.63,30.96,-1.6700000000000017,D,D,0.0,0.0,Firestone,4461.0,Hold/Income Property,False
5116002025,4169 S ASCOT AVE,R2,5187.0,90011.0,34.23,34.69,0.46000000000000085,D,D,,,,,Hold/Income Property,False
5423030042,2205 W EDENDALE LANE,CM,989.3,90026.0,37.4,43.49,6.090000000000003,D,D,0.0,0.0,North Hollywood,42477.0,Commercial Development,False
6019005018,1327 W 78TH ST,R1,5933.6,90044.0,31.67,31.68,0.00999999999999801,D,D,,,,,Hold/Income Property,False
2761034023,9826 N BELMAR AVE,RA,16838.7,91324.0,34.41,33.17,-1.2399999999999949,D,D,,,,,Hold/Income Property,False
5458026015,3418 1/2 N DREW ST,RD2,11519.8,90065.0,49.38,46.86,-2.520000000000003,D,D,,,,,Hold/Income Property,False
2184049001,18117 W DEER VIEW CT,RA,17902.1,91316.0,34.68,33.38,-1.2999999999999972,D,D,0.0,0.0,Sierra Madre Villa,49651.0,Hold/Income Property,False
7414022026,1523 N LYNTON AVE,R1,5759.6,90744.0,31.45,30.01,-1.4399999999999977,D,D,,,,,Hold/Income Property,False
4108020011,6357 W 85TH PL,R1V2,6031.3,90045.0,31.79,30.28,-1.509999999999998,D,D,0.0,0.0,Hollywood/Highland,7054.0,Hold/Income Property,False
2233025004,16138 W GILMORE ST,R1,6321.9,91406.0,32.15,30.57,-1.5799999999999983,D,D,,,,,Hold/Income Property,False
5131019010,1036 E 23RD ST,R4,6227.5,90011.0,49.53,49.73,0.19999999999999574,D,D,0.0,0.0,North Hollywood,42494.0,Multi-Family Development,False
6046003038,9405 S HICKORY ST,R1,3375.2,90002.0,26.44,27.63,1.1899999999999977,D,D,,,,,Hold/Income Property,False
5309002028,5209 E ALMONT ST,R1,5320.5,90032.0,30.9,29.57,-1.3299999999999983,D,D,0.0,0.0,Southwest Museum,7020.0,Hold/Income Property,False
4114026003,7533 W 85TH ST,R1,4903.1,90293.0,30.26,29.15,-1.110000000000003,D,D,,,,,Hold/Income Property,False
5587009010,5767 W VALLEY OAK DR,RE9,3854.2,90068.0,25.89,30.85,4.960000000000001,D,D,2.0,8.0,Heritage Square,2202.0,Hold/Income Property,False
6041012008,8855 S SAN PEDRO ST,RD2,2570.8,90003.0,38.78,40.82,2.039999999999999,D,D,0.0,0.0,Farmdale,3892.0,Hold/Income Property,False
5304014001,815 E MONTECITO DR,R1,7302.2,90031.0,33.25,33.85,0.6000000000000014,D,D,,,,,Hold/Income Property,False
2214007021,7921 N PEACHTREE AVE,R1,6204.4,91402.0,32.01,30.45,-1.5599999999999987,D,D,0.0,0.0,Expo/La Cienega,7071.0,Hold/Income Property,False
5085012018,5422 W EDGEWOOD PL,R2,6250.1,90019.0,35.56,35.75,0.18999999999999773,D,D,,,,,Hold/Income Property,False
2276005036,4466 N NOBLE AVE,RD1.5,4899.9,91403.0,39.95,37.15,-2.8000000000000043,D,D,,,,,Hold/Income Property,False
2356011002,12210 W MORRISON ST,R1,9799.8,91607.0,35.33,33.12,-2.210000000000001,D,D,,,,,Hold/Income Property,False
6050008021,625 E 94TH ST,R1,5053.9,90002.0,30.57,29.3,-1.2699999999999996,D,D,,,,,Hold/Income Property,False
4311008007,3033 S BEVERLY DR,R1V2,5000.1,90034.0,30.5,29.25,-1.25,D,D,,,,,Hold/Income Property,False
2034028031,24125 W HARTLAND ST,RS,7499.8,91307.0,32.72,30.88,-1.8399999999999999,D,D,,,,,Hold/Income Property,False
5057014020,2745 S HARCOURT AVE,R2,5200.9,90016.0,34.25,36.2,1.9500000000000028,D,D,,,,,Hold/Income Property,False
4113011009,8040 S FORDHAM ROAD,R1,6253.3,90045.0,32.07,30.5,-1.5700000000000003,D,D,0.0,0.0,Firestone,9957.0,Hold/Income Property,False
2733019037,17458 W CHATSWORTH ST,C1,6041.7,91344.0,44.3,43.54,-0.759999999999998,D,D,,,,,Hold/Income Property,False
6050011030,859 E 95TH ST,R1,4849.1,90002.0,30.12,29.1,-1.0199999999999996,D,D,0.0,0.0,North Hollywood,39541.0,Hold/Income Property,False
2627022003,13141 W TONOPAH ST,R1,6018.6,91331.0,31.77,30.27,-1.5,D,D,0.0,0.0,Hollywood/Vine,6711.0,Hold/Income Property,False
6022027019,7806 1/2 S CROCKER ST,RD1.5,6137.4,90003.0,43.12,40.89,-2.229999999999997,D,D,0.0,0.0,,,Hold/Income Property,False
4405037027,244 S MEDIO DR,R1,7515.3,90049.0,32.93,30.59,-2.34,D,D,0.0,0.0,North Hollywood,51657.0,Hold/Income Property,False
2531034029,11804 W JOUETT ST,()R1,6138.1,91342.0,30.17,32.14,1.9699999999999989,D,D,0.0,0.0,Sierra Madre Villa,38370.0,Hold/Income Property,False
5015027007,4638 S ARLINGTON AVE,R2,6044.8,90043.0,35.31,37.94,2.6299999999999955,D,D,,,,,Hold/Income Property,False
2135036026,20156 W BASSETT ST,RS,7751.5,91306.0,32.93,31.05,-1.879999999999999,D,D,0.0,0.0,,,Hold/Income Property,False
2209002015,15223 W BURTON ST,R1,6557.5,91402.0,32.45,30.81,-1.6400000000000041,D,D,0.0,0.0,Sierra Madre Villa,47449.0,Hold/Income Property,False
2384006011,12814 W HALKIRK ST,R1,7499.9,91604.0,33.42,36.08,2.6599999999999966,D,D,2.0,8.0,Montecito Heights,1956.0,Hold/Income Property,False
2638017017,8519 N STANSBURY AVE,R1,5298.8,91402.0,30.87,29.55,-1.3200000000000003,D,D,0.0,0.0,Expo/Bundy,11197.0,Hold/Income Property,False
2184059003,4904 N AVENIDA ORIENTE,RA,22208.7,91356.0,37.7,34.24,-3.460000000000001,D,D,,,,,Hold/Income Property,False
2822024009,11734 N SEMINOLE CIR,RE11,14207.6,91326.0,34.8,33.18,-1.6199999999999974,D,D,,,,,Hold/Income Property,False
4327017003,10332 W EASTBORNE AVE,R1V3,8040.4,90024.0,33.87,31.94,-1.9299999999999962,D,D,0.0,0.0,,,Hold/Income Property,False
5419020003,1926 W SCOTT AVE,C2,3383.9,90026.0,43.46,50.38,6.920000000000002,D,C,,,,,Commercial Development,False
5453006035,2646 E THORPE AVE,R1,4000.0,90065.0,28.0,28.25,0.25,D,D,0.0,0.0,Expo/Bundy,15226.0,Hold/Income Property,False
2266022020,4118 N DAVANA ROAD,R1,12490.9,91423.0,36.12,34.25,-1.8699999999999974,D,D,,,,,Hold/Income Property,False
5092015036,886 S NORTON AVE,R2,7814.9,90005.0,37.18,39.44,2.259999999999998,D,D,,,,,Hold/Income Property,False
2607009002,17434 W MAYFLOWER DR,RA,17723.3,91344.0,34.63,33.34,-1.2899999999999991,D,D,0.0,0.0,Sierra Madre Villa,41186.0,Hold/Income Property,False
2375001079,13255 W BLOOMFIELD ST,R1,7895.8,91423.0,33.75,31.85,-1.8999999999999986,D,D,0.0,0.0,Sierra Madre Villa,33782.0,Hold/Income Property,False
2733021003,10527 N ANDASOL AVE,R1,6749.5,91344.0,32.69,31.0,-1.6899999999999977,D,D,0.0,0.0,North Hollywood,46436.0,Hold/Income Property,False
6119017016,566 W 149TH ST,R1,5204.8,90248.0,30.76,29.45,-1.3100000000000023,D,D,,,,,Hold/Income Property,False
7470022002,1466 W SILVIUS AVE,R1,6147.9,90731.0,31.93,30.4,-1.5300000000000011,D,D,,,,,Hold/Income Property,False
2701077008,11689 N CETONA WAY,RE,6510.2,91326.0,30.64,29.01,-1.629999999999999,D,D,,,,,Hold/Income Property,False
5589030032,4763 W HOLLYWOOD BLVD,C2,9076.3,90027.0,50.73,52.88,2.1500000000000057,C,C,,,,,Commercial Development,False
5170019003,2767 E OLYMPIC BLVD,C2,6500.1,90023.0,48.38,51.0,2.6199999999999974,D,C,,,,,Commercial Development,False
2547024011,10633 N VANORA DR,R1,8004.0,91040.0,33.84,31.92,-1.9200000000000017,D,D,0.0,0.0,Hollywood/Western,12303.0,Hold/Income Property,False
2680023016,16452 W SAN FERNANDO MISSION BLVD,RS,7502.7,91344.0,32.72,30.89,-1.8299999999999983,D,D,0.0,0.0,Sierra Madre Villa,39078.0,Hold/Income Property,False
2172019041,4205 N ELZEVIR ROAD,R1,4275.0,91364.0,28.69,28.52,-0.1700000000000017,D,D,0.0,0.0,Sierra Madre Villa,35475.0,Hold/Income Property,False
5088019003,961 S CARMEL WAY,R3,6032.3,90048.0,42.54,41.53,-1.009999999999998,D,D,0.0,0.0,Hollywood/Western,15151.0,Multi-Family Development,False
6015009028,1447 W 66TH ST,R1,4003.3,90047.0,28.01,28.25,0.23999999999999844,D,D,0.0,0.0,Downtown Santa Monica,15237.0,Hold/Income Property,False
4318009018,10560 W ESTHER AVE,R1,7602.0,90064.0,33.5,31.65,-1.8500000000000014,D,D,,,,,Hold/Income Property,False
5431023016,3056 W LANDA ST,R1,7506.4,90039.0,33.42,31.59,-1.8300000000000018,D,D,0.0,0.0,San Pedro Street,5732.0,Hold/Income Property,False
7470022032,1335 W 35TH ST,R1,6250.8,90731.0,32.06,30.5,-1.5600000000000023,D,D,0.0,0.0,Expo/La Cienega,4540.0,Hold/Income Property,False
4237006044,610 E VICTORIA AVE,R2,4000.8,90291.0,31.0,33.5,2.5,D,D,,,,,Hold/Income Property,False
5685022002,2054 W ESCARPA DR,R1,2929.5,90041.0,25.38,27.18,1.8000000000000007,D,D,,,,,Hold/Income Property,False
5540012003,4884 W FOUNTAIN AVE,C4,2513.6,90029.0,42.44,50.51,8.07,D,C,,,,,Commercial Development,False
5716014027,1001 N RUTLAND AVE,R1,6303.9,90042.0,32.13,30.55,-1.5800000000000018,D,D,,,,,Hold/Income Property,False
2620002016,10706 N ILEX AVE,R1,7124.6,91331.0,33.1,31.33,-1.7700000000000031,D,D,,,,,Hold/Income Property,False
4251024023,3440 S GREENFIELD AVE,R1,6186.0,90034.0,31.98,33.44,1.4599999999999973,D,D,1.0,5.0,Washington/Crenshaw,2499.0,Hold/Income Property,False
6083009029,251 E 116TH PL,R2,3988.0,90061.0,31.47,33.49,2.020000000000003,D,D,,,,,Hold/Income Property,False
4242028015,2243 S GLYNDON AVE,R1V2,5850.3,90291.0,31.56,30.1,-1.4599999999999973,D,D,0.0,0.0,North Hollywood,40355.0,Hold/Income Property,False
2284010025,4451 N HAYVENHURST AVE,RE15,29443.9,91436.0,38.75,35.8,-2.950000000000003,D,D,,,,,Hold/Income Property,False
2153030004,6025 N CALVIN AVE,RA,26934.3,91356.0,37.7,39.43,1.7299999999999969,D,D,2.0,8.0,Expo Park/USC,2451.0,Hold/Income Property,False
5460016017,3561 N THE PASEO,R1,9182.6,90065.0,34.82,32.71,-2.1099999999999994,D,D,0.0,0.0,Firestone,5103.0,Hold/Income Property,False
5432020007,2335 N KENILWORTH AVE,R1,8781.6,90039.0,34.48,32.44,-2.039999999999999,D,D,,,,,Hold/Income Property,False
2129018034,19101 W ARCHWOOD ST,R1,6188.4,91335.0,31.99,30.44,-1.5499999999999972,D,D,,,,,Hold/Income Property,False
2178023019,19501 W GREENBRIAR DR,RA,16181.1,91356.0,34.25,33.04,-1.2100000000000009,D,D,,,,,Hold/Income Property,False
2122010019,6917 N HESPERIA AVE,R1,6498.9,91335.0,32.37,30.75,-1.6199999999999974,D,D,0.0,0.0,Sierra Madre Villa,40438.0,Hold/Income Property,False
4412007022,747 N VIA DE LA PAZ,R1H1,8300.1,90272.0,33.58,31.12,-2.4599999999999973,D,D,,,,,Hold/Income Property,False
2322003936,6738 N BELLINGHAM AVE,R1,6457.7,91606.0,32.32,30.71,-1.6099999999999994,D,D,0.0,0.0,North Hollywood,26421.0,Hold/Income Property,False
2166022008,20445 W WELLS DR,RA,16829.7,91364.0,34.41,33.17,-1.2399999999999949,D,D,,,,,Hold/Income Property,False
2423030050,10658 W CHIQUITA ST,R1,5028.2,91602.0,30.04,28.28,-1.759999999999998,D,D,,,,,Hold/Income Property,False
6017018016,1939 W 77TH ST,R1,6700.4,90047.0,32.63,30.95,-1.6800000000000033,D,D,0.0,0.0,Hollywood/Western,5652.0,Hold/Income Property,False
2384001011,3908 N FAIRWAY AVE,R1,12382.7,91604.0,36.1,34.2,-1.8999999999999986,D,D,,,,,Hold/Income Property,False
2137006011,6930 N COZYCROFT AVE,RS,7760.5,91306.0,32.93,31.06,-1.870000000000001,D,D,,,,,Hold/Income Property,False
2177036021,4001 N CLARINDA DR,RA,74646.0,91356.0,37.7,39.8,2.0999999999999943,D,D,0.0,0.0,Highland Park,18046.0,Hold/Income Property,False
4264004005,553 S MORENO AVE,RE15,27026.7,90049.0,38.75,37.14,-1.6099999999999994,D,D,,,,,Hold/Income Property,False
2176024006,4610 N ARRIBA DR,RE11,13018.7,91356.0,34.5,32.71,-1.7899999999999991,D,D,0.0,0.0,Sierra Madre Villa,46969.0,Hold/Income Property,False
6048012031,1505 E 103RD ST,C4,22392.2,90002.0,59.75,62.98,3.229999999999997,C,C,,,,,Mixed-Use Development,False
6041015005,8709 1/2 S SAN PEDRO ST,C2,2523.4,90003.0,40.71,48.52,7.810000000000002,D,D,0.0,0.0,Downtown Santa Monica,30859.0,Commercial Development,False
4377041051,11727 W FOLKSTONE LANE,()RD6,5944.8,90077.0,29.43,30.94,1.5100000000000016,D,D,,,,,Hold/Income Property,False
2301001040,13422 W ROSCOE BLVD,RS,7507.6,91402.0,32.72,30.89,-1.8299999999999983,D,D,,,,,Hold/Income Property,False
2014032046,7731 N JUSTIN CT,RS,10642.8,91304.0,34.96,32.81,-2.1499999999999986,D,D,0.0,0.0,Expo/Bundy,14488.0,Hold/Income Property,False
6032018050,633 W 85TH ST,R3,6303.2,90044.0,44.38,42.8,-1.5800000000000054,D,D,,,,,Multi-Family Development,False
2230006023,16943 W SCHOOLCRAFT ST,R1,6419.7,91406.0,32.27,30.67,-1.6000000000000014,D,D,0.0,0.0,,,Hold/Income Property,False
5523015032,561 N LUCERNE BLVD,R1R3,7005.0,90004.0,33.0,31.25,-1.75,D,D,,,,,Hold/Income Property,False
4264019027,1129 S CARMELINA AVE,RE9,8993.4,90049.0,32.91,30.83,-2.0799999999999983,D,D,0.0,0.0,Sierra Madre Villa,46574.0,Hold/Income Property,False
5178024028,427 N CONCORD ST,R2,4637.1,90063.0,33.09,34.14,1.0499999999999972,D,D,0.0,0.0,Long Beach,43125.0,Hold/Income Property,False
6084033020,11722 S BELHAVEN ST,R1R3,6602.8,90059.0,32.5,30.85,-1.6499999999999986,D,D,0.0,0.0,Vernon,7949.0,Hold/Income Property,False
5206006016,2676 N WORKMAN ST,RD1.5,7495.0,90031.0,44.61,42.08,-2.530000000000001,D,D,,,,,Hold/Income Property,False
2601050065,12460 N JESSICA PL,RE11,13183.9,91344.0,34.55,32.77,-1.779999999999994,D,D,0.0,0.0,Grand/LATTC,6565.0,Hold/Income Property,False
5089021017,841 S CLOVERDALE AVE,R1,6695.8,90036.0,32.62,30.95,-1.6699999999999982,D,D,0.0,0.0,Expo/Crenshaw,6518.0,Hold/Income Property,False
5016034001,5015 S DALTON AVE,R2,5251.6,90062.0,34.31,34.75,0.4399999999999977,D,D,0.0,0.0,Southwest Museum,10135.0,Hold/Income Property,False
2696025011,17219 W LOS ALIMOS ST,RE9,11399.1,91344.0,34.1,32.06,-2.039999999999999,D,D,0.0,0.0,Highland Park,5572.0,Hold/Income Property,False
4431041008,1642 S CHASTAIN PKWY EAST,R1,8161.8,90272.0,33.47,31.02,-2.4499999999999993,D,D,,,,,Hold/Income Property,False
2649014011,10526 N ORION AVE,RS,8629.1,91345.0,33.66,31.64,-2.019999999999996,D,D,,,,,Hold/Income Property,False
2535024011,13178 W HOYT ST,R1,3553.6,91331.0,26.88,27.8,0.9200000000000017,D,D,0.0,0.0,Hollywood/Highland,13081.0,Hold/Income Property,False
6119020023,800 W 145TH ST,R1,5279.1,90247.0,30.85,29.53,-1.3200000000000003,D,D,0.0,0.0,San Pedro Street,6283.0,Hold/Income Property,False
5021010023,4213 S HARVARD BLVD,R1,5724.6,90062.0,31.41,29.97,-1.4400000000000013,D,D,0.0,0.0,Long Beach,51205.0,Hold/Income Property,False
4008022018,7019 S 3RD AVE,R1,6003.6,90043.0,31.75,30.25,-1.5,D,D,0.0,0.0,Sierra Madre Villa,40700.0,Hold/Income Property,False
7422027031,1575 N BAYPOINT AVE,R1,4976.5,90744.0,30.44,29.23,-1.2100000000000009,D,D,0.0,0.0,Pershing Square,5475.0,Hold/Income Property,False
2175019031,4938 N HOOD DR,RA,19615.8,91364.0,35.1,39.72,4.619999999999997,D,D,3.0,12.0,Wilshire/Western,1393.0,Hold/Income Property,False
7458008010,1056 W 10TH ST,RD1.5,5400.7,90731.0,42.2,40.15,-2.0500000000000043,D,D,0.0,0.0,Grand/LATTC,3655.0,Hold/Income Property,False
4409004006,1247 N VILLA WOODS DR,RE11,26585.3,90272.0,38.75,37.11,-1.6400000000000006,D,D,,,,,Hold/Income Property,False
5459010019,3228 W WELDON AVE,RD2,4802.7,90065.0,44.01,43.05,-0.9600000000000009,D,D,,,,,Hold/Income Property,False
2076003028,22932 W CASS AVE,R1,8141.9,91364.0,33.95,32.01,-1.9400000000000048,D,D,,,,,Hold/Income Property,False
5305032018,4558 E BERYL ST,RD3,6273.9,90032.0,47.84,54.02,6.18,D,C,3.0,12.0,Expo/Western,1187.0,Value-Add Investment,False
5527004014,7755 W WARING AVE,R2,4891.5,90046.0,33.73,40.39,6.660000000000004,D,D,3.0,12.0,Wilshire/Vermont,921.0,Hold/Income Property,False
4252017015,3578 S GREENFIELD AVE,R1,5962.9,90034.0,31.7,30.21,-1.4899999999999984,D,D,,,,,Hold/Income Property,False
4259039052,12004 W AYRES AVE,R1,4726.6,90064.0,29.82,28.98,-0.8399999999999999,D,D,,,,,Hold/Income Property,False
2747009083,21323 W MAYALL ST,RS,7352.5,91311.0,32.59,30.78,-1.8100000000000023,D,D,,,,,Hold/Income Property,False
4316010001,3116 S QUEENSBURY DR,R1V2,7535.0,90064.0,33.45,31.61,-1.8400000000000034,D,D,0.0,0.0,North Hollywood,33739.0,Hold/Income Property,False
5518010034,3921 W 1ST ST,R3,7321.2,90004.0,44.02,44.81,0.7899999999999991,D,D,,,,,Multi-Family Development,False
5455006037,1729 N KILBOURN ST,R1,4000.0,90065.0,28.0,28.25,0.25,D,D,0.0,0.0,North Hollywood,49281.0,Hold/Income Property,False
2647024013,9950 N OBECK AVE,RS,7457.4,91331.0,32.68,30.85,-1.8299999999999983,D,D,0.0,0.0,North Hollywood,39219.0,Hold/Income Property,False
2280006033,15737 W ROYAL RIDGE ROAD,RE15,30896.0,91403.0,38.75,35.89,-2.8599999999999994,D,D,0.0,0.0,San Pedro Street,5176.0,Hold/Income Property,False
7425012038,,R1,7545.1,,33.45,31.61,-1.8400000000000034,D,D,0.0,0.0,Highland Park,12500.0,Hold/Income Property,False
5570037003,3116 N NICHOLS CANYON ROAD,RE15,8193.1,90046.0,32.24,30.3,-1.9400000000000013,D,D,,,,,Hold/Income Property,False
5020013014,4158 S RAYMOND AVE,R2,6406.7,90037.0,35.76,35.91,0.14999999999999858,D,D,,,,,Hold/Income Property,False
7445017044,1130 W VIA FRANCISCA,R1,10177.3,90732.0,35.54,33.32,-2.219999999999999,D,D,0.0,0.0,Sierra Madre Villa,40018.0,Hold/Income Property,False
5116011022,1415 E 41ST PL,R2,4828.9,90011.0,33.57,34.33,0.759999999999998,D,D,,,,,Hold/Income Property,False
6031004026,329 W 74TH ST,R2,5608.3,90003.0,34.76,39.61,4.850000000000001,D,D,2.0,8.0,San Pedro,1789.0,Hold/Income Property,False
5023017029,4318 S 7TH AVE,R1,4435.3,90008.0,29.09,28.69,-0.3999999999999986,D,D,0.0,0.0,Sierra Madre Villa,48315.0,Hold/Income Property,False
4241011008,714 E MILWOOD AVE,R2,5400.9,90291.0,34.5,34.9,0.3999999999999986,D,D,0.0,0.0,Hollywood/Western,14326.0,Hold/Income Property,False
2078006006,22611 W FLAMINGO ST,RE15,10471.9,91364.0,33.87,31.69,-2.179999999999996,D,D,,,,,Hold/Income Property,False
6121013003,16932 S MERIT AVE,R1,5200.4,90247.0,30.75,29.45,-1.3000000000000007,D,D,0.0,0.0,Long Beach,54659.0,Hold/Income Property,False
2275029012,14315 W MULHOLLAND DR,RE15,8238.3,90077.0,32.28,30.33,-1.9500000000000028,D,D,,,,,Hold/Income Property,False
7423001006,637 N AVALON BLVD,C2,1824.6,90744.0,39.54,46.32,6.780000000000001,D,D,0.0,0.0,North Hollywood,42433.0,Commercial Development,False
7454027003,579 W 14TH ST,RD1.5,6753.0,90731.0,42.39,43.5,1.1099999999999994,D,D,1.0,5.0,Beverly/La Cienega,1778.0,Hold/Income Property,False
5006011017,5407 S 10TH AVE,R1,7500.4,90043.0,33.42,33.08,-0.3400000000000034,D,D,,,,,Hold/Income Property,False
5465005029,480 W AVENUE 45,R1,2953.9,90065.0,24.92,27.2,2.2799999999999976,D,D,0.0,0.0,Expo/Bundy,7214.0,Hold/Income Property,False
5054013005,2938 S RAYMOND AVE,R3,5327.5,90007.0,43.16,41.83,-1.3299999999999983,D,D,,,,,Multi-Family Development,False
4326015021,10674 W ROCHESTER AVE,R1,6500.1,90024.0,32.38,30.75,-1.6300000000000026,D,D,,,,,Hold/Income Property,False
2021005018,23022 W WINDOM ST,RS,7564.0,91307.0,32.77,30.93,-1.8400000000000034,D,D,,,,,Hold/Income Property,False
2378029006,3821 N BERRY DR,R1,7014.1,91604.0,31.51,29.76,-1.75,D,D,0.0,0.0,Hollywood/Highland,7134.0,Hold/Income Property,False
4494012012,701 N BONHILL ROAD,RA,26146.3,90049.0,37.7,42.38,4.68,D,D,4.0,15.0,Wilshire/Vermont,670.0,Hold/Income Property,False
2285005038,15815 W HIGH KNOLL ROAD,RE15,20236.7,91436.0,38.75,34.55,-4.200000000000003,D,D,0.0,0.0,Southwest Museum,8301.0,Hold/Income Property,False
5142012030,1614 1-12 W WILSHIRE BLVD,C4,6145.2,90017.0,49.68,54.15,4.469999999999999,D,C,,,,,Commercial Development,False
5523013016,627 N GOWER ST,R1R3,5621.7,90004.0,31.28,29.87,-1.4100000000000001,D,D,0.0,0.0,,,Hold/Income Property,False
5529023017,927 N LAUREL AVE,R1,6159.9,90046.0,30.45,27.91,-2.539999999999999,D,D,0.0,0.0,Expo/Vermont,6760.0,Hold/Income Property,False
2317001015,7750 N AGNES AVE,R1,6258.2,91605.0,32.07,30.51,-1.5599999999999987,D,D,0.0,0.0,Washington,5995.0,Hold/Income Property,False
5420033008,1540 W EWING ST,RD3,3374.1,90026.0,42.19,45.12,2.9299999999999997,D,D,,,,,Hold/Income Property,False
5153003034,428 3/4 S BURLINGTON AVE,R4,9089.5,90057.0,52.24,57.29,5.049999999999997,C,C,,,,,Multi-Family Development,False
5464015005,3726 E SAN RAFAEL AVE,R1,15351.7,90065.0,36.84,35.32,-1.5200000000000031,D,D,,,,,Hold/Income Property,False
6069010025,1629 E 111TH ST,R2,8617.7,90059.0,37.85,37.58,-0.2700000000000031,D,D,,,,,Hold/Income Property,False
2505008003,14712 W LAKESIDE ST,R1,7141.9,91342.0,33.12,31.34,-1.7799999999999976,D,D,0.0,0.0,Hollywood/Highland,10996.0,Hold/Income Property,False
5513002032,7114 W BEVERLY BLVD,C2,6000.0,90036.0,47.75,50.5,2.75,D,C,0.0,0.0,Sierra Madre Villa,40480.0,Commercial Development,False
2638025009,8338 N LULLABY LANE,R1,5987.7,91402.0,31.73,30.24,-1.490000000000002,D,D,0.0,0.0,Highland Park,17683.0,Hold/Income Property,False
2130022014,7012 N SHIRLEY AVE,R1,6037.3,91335.0,31.8,30.29,-1.5100000000000016,D,D,,,,,Hold/Income Property,False
5075008030,1325 S KENMORE AVE,R3,3315.0,90006.0,38.54,39.81,1.2700000000000031,D,D,0.0,0.0,North Hollywood,30705.0,Multi-Family Development,False
6017015021,1913 W 76TH ST,R1,6700.4,90047.0,32.63,30.95,-1.6800000000000033,D,D,0.0,0.0,North Hollywood,38637.0,Hold/Income Property,False
2362011003,13015 1/2 W MOORPARK ST,R3,6499.9,91604.0,44.12,42.0,-2.1199999999999974,D,D,0.0,0.0,Hollywood/Vine,7312.0,Multi-Family Development,False
5405001005,1446 W SUNSET BLVD,C2,6492.0,90026.0,49.86,53.49,3.6300000000000026,D,C,,,,,Commercial Development,False
4125003024,8311 S WINSFORD AVE,R2,5949.5,90045.0,35.19,35.45,0.2600000000000051,D,D,0.0,0.0,Vernon,4637.0,Hold/Income Property,False
6002025024,1429 W 62ND ST,R1,5352.9,90047.0,30.94,29.6,-1.3399999999999999,D,D,0.0,0.0,Long Beach,26957.0,Hold/Income Property,False
5477027043,633 N MILO TER,R1,4870.1,90042.0,30.18,29.12,-1.0599999999999987,D,D,0.0,0.0,Expo/La Cienega,7758.0,Hold/Income Property,False
4240014019,540 1/2 E SUNSET AVE,RD1.5,4800.2,90291.0,41.2,39.55,-1.6500000000000057,D,D,,,,,Hold/Income Property,False
5544007033,5449 A-D W HOLLYWOOD BLVD,C4,70287.4,90027.0,59.75,68.5,8.75,C,B,,,,,High-Value Development Site,False
4306006008,1468 S GLENVILLE DR,R1V2,6753.1,90035.0,32.69,31.0,-1.6899999999999977,D,D,0.0,0.0,Hollywood/Highland,9697.0,Hold/Income Property,False
2415024010,5748 N WILLOW CREST AVE,RD1.5,5590.7,91601.0,42.44,40.34,-2.0999999999999943,D,D,,,,,Hold/Income Property,False
2110001085,8235 1-38 N OWENSMOUTH AVE,R3,45399.8,91304.0,52.25,54.0,1.75,C,C,,,,,Large Multi-Family Development,False
5029005023,5172 W ORANGE PL,R1,9130.9,90008.0,34.78,32.67,-2.1099999999999994,D,D,,,,,Hold/Income Property,False
5533026120,806 N HUDSON AVE,R3,6815.2,90038.0,43.52,40.82,-2.700000000000003,D,D,,,,,Multi-Family Development,False
2210006008,14839 W LANARK ST,R1,5999.8,91402.0,31.75,30.25,-1.5,D,D,,,,,Hold/Income Property,False
2617004044,14024 W FILMORE ST,R1,7058.5,91331.0,33.05,31.29,-1.759999999999998,D,D,,,,,Hold/Income Property,False
4005011013,5950 S 8TH AVE,R1,4800.0,90043.0,30.0,29.05,-0.9499999999999993,D,D,,,,,Hold/Income Property,False
2786023014,18419 W CHASE ST,R1,6959.8,91325.0,32.95,31.21,-1.740000000000002,D,D,0.0,0.0,,,Hold/Income Property,False
2367012002,4152 N SHADYGLADE AVE,R1,6499.9,91604.0,31.87,29.75,-2.120000000000001,D,D,0.0,0.0,San Pedro Street,4585.0,Hold/Income Property,False
5154013002,2314 W 2ND ST,R3,3123.5,90057.0,38.06,39.62,1.5599999999999952,D,D,0.0,0.0,Expo/Bundy,18427.0,Multi-Family Development,False
5406010064,1454 W SCOTT AVE,RD2,2174.0,90026.0,38.12,40.42,2.3000000000000043,D,D,0.0,0.0,,,Hold/Income Property,False
5111007002,312 W 42ND ST,C2,2006.9,90037.0,39.84,46.51,6.669999999999995,D,D,,,,,Commercial Development,False
2335024015,6206 N BECK AVE,R3,6586.2,91606.0,44.23,42.09,-2.1399999999999935,D,D,0.0,0.0,Hollywood/Western,12345.0,Multi-Family Development,False
2503009011,13624 N FENTON AVE,RA,28734.7,91342.0,37.7,35.05,-2.6500000000000057,D,D,0.0,0.0,Long Beach,28017.0,Hold/Income Property,False
4332022004,1118 1-7 S BEDFORD ST,R3,6389.4,90035.0,42.99,40.39,-2.6000000000000014,D,D,0.0,0.0,Long Beach,27109.0,Multi-Family Development,False
5106007005,4508 S LONG BEACH AVE EAST,M2,6550.5,90058.0,44.69,44.8,0.10999999999999943,D,D,0.0,0.0,Firestone,4758.0,Hold/Income Property,False
5517005013,151 N OXFORD AVE,R4,7162.7,90004.0,50.64,54.93,4.289999999999999,C,C,,,,,Multi-Family Development,False
5103019002,984 E 55TH ST,R2,7077.7,90011.0,36.56,38.95,2.3900000000000006,D,D,,,,,Hold/Income Property,False
2616007004,11029 N LAUREL CANYON BLVD,R1,6359.6,91340.0,32.2,30.61,-1.5900000000000034,D,D,,,,,Hold/Income Property,False
5185008025,,C1,2800.0,,39.17,42.8,3.6299999999999955,D,D,0.0,0.0,Montecito Heights,4970.0,Hold/Income Property,False
7414012017,1627 N RONAN AVE,R1,4860.7,90744.0,30.15,29.11,-1.0399999999999991,D,D,0.0,0.0,,,Hold/Income Property,False
7459005001,1414 W 13TH ST,R1,4085.5,90732.0,28.21,28.34,0.129999999999999,D,D,,,,,Hold/Income Property,False
2649018005,10430 N PEACH AVE,RS,6871.2,91345.0,32.14,30.42,-1.7199999999999989,D,D,0.0,0.0,Maravilla,3338.0,Hold/Income Property,False
2510012038,13415 N ELDRIDGE AVE,R1,5045.6,91342.0,30.56,29.3,-1.259999999999998,D,D,,,,,Hold/Income Property,False
2582031026,14100 N BERMAX AVE,RE11,12750.1,91342.0,34.44,32.6,-1.8399999999999963,D,D,0.0,0.0,North Hollywood,40261.0,Hold/Income Property,False
5431016005,2183 N KENILWORTH AVE,R1,5043.4,90039.0,30.55,29.29,-1.2600000000000016,D,D,,,,,Hold/Income Property,False
4008003004,6564 S 3RD AVE,R1,4803.8,90043.0,30.01,29.05,-0.9600000000000009,D,D,,,,,Hold/Income Property,False
5089017007,838 S SIERRA BONITA AVE,R1,7702.5,90036.0,33.59,31.72,-1.8700000000000045,D,D,0.0,0.0,Civic Center/Grand Park,4672.0,Hold/Income Property,False
5474001023,1723 N CAMPUS ROAD,R1,10111.8,90032.0,35.53,33.29,-2.240000000000002,D,D,0.0,0.0,Westlake/MacArthur Park,2938.0,Hold/Income Property,False
2607004013,17116 W BARNESTON ST,RS,11336.7,91344.0,35.13,33.08,-2.0500000000000043,D,D,,,,,Hold/Income Property,False
4231021025,4163 S CHASE AVE,R1,5979.2,90066.0,31.72,30.23,-1.4899999999999984,D,D,,,,,Hold/Income Property,False
5051036032,3034 S 9TH AVE,R2,5783.4,90018.0,34.98,35.28,0.30000000000000426,D,D,,,,,Hold/Income Property,False
2501002022,15860 W OLDEN ST,P,238633.6,91342.0,37.25,43.5,6.25,D,D,,,,,Hold/Income Property,False
2228014016,7268 N ANDASOL AVE,R1,5850.2,91406.0,31.56,33.1,1.5400000000000027,D,D,1.0,5.0,Beverly/La Cienega,1950.0,Hold/Income Property,False
6012010034,107 W 71ST ST,C2,5732.8,90003.0,47.42,51.73,4.309999999999995,D,C,0.0,0.0,Expo/Western,3250.0,Commercial Development,False
5209033005,2847 N PYRITES ST,R1,3704.3,90032.0,27.26,27.95,0.6899999999999977,D,D,0.0,0.0,Sierra Madre Villa,47114.0,Hold/Income Property,False
4423023014,951 N CHAUTAUQUA BLVD,R1V1,8660.2,90272.0,32.88,34.36,1.4799999999999969,D,D,1.0,5.0,Washington/Crenshaw,2564.0,Hold/Income Property,False
4223002008,12906 W GILMORE AVE,R1,6497.0,90066.0,32.37,30.75,-1.6199999999999974,D,D,0.0,0.0,,,Hold/Income Property,False
5435005032,3817 1/2 W REVERE AVE,R1,5399.9,90039.0,31.0,29.65,-1.3500000000000014,D,D,0.0,0.0,North Hollywood,46591.0,Hold/Income Property,False
7467023019,400 W 40TH ST,R1,5203.9,90731.0,30.75,29.45,-1.3000000000000007,D,D,,,,,Hold/Income Property,False
6013024005,7014 S ESTRELLA AVE,R2,5397.8,90044.0,34.5,36.4,1.8999999999999986,D,D,,,,,Hold/Income Property,False
5402018015,2320 W RESERVOIR ST,R2,3703.4,90026.0,30.76,33.2,2.4400000000000013,D,D,0.0,0.0,North Hollywood,45041.0,Hold/Income Property,False
5188015006,3564 1/2 E SISKIYOU ST,RD1.5,3329.9,90023.0,37.52,38.08,0.5599999999999952,D,D,,,,,Hold/Income Property,False
4116027001,254 E MANCHESTER AVE,R1,6351.2,90293.0,32.19,30.6,-1.5899999999999963,D,D,0.0,0.0,Westlake/MacArthur Park,10852.0,Hold/Income Property,False
2782024016,8831 N JUMILLA AVE,RS,8361.8,91324.0,33.43,31.46,-1.9699999999999989,D,D,0.0,0.0,Expo/Bundy,17125.0,Hold/Income Property,False
5053007004,,C2,2340.1,,41.4,49.34,7.940000000000005,D,D,,,,,Commercial Development,False
5107025004,1208 E 49TH ST,R2,5409.0,90011.0,34.51,34.91,0.3999999999999986,D,D,0.0,0.0,North Hollywood,33297.0,Hold/Income Property,False
2530039028,11346 W GOLETA ST,R1,5391.3,91342.0,30.99,29.64,-1.3499999999999979,D,D,0.0,0.0,Southwest Museum,11068.0,Hold/Income Property,False
2266006025,14450 W DICKENS ST,RD1.5,6802.5,91423.0,43.45,40.55,-2.9000000000000057,D,D,0.0,0.0,Washington,6985.0,Hold/Income Property,False
4314017009,3459 S MOTOR AVE,MU(EC),1503.9,90034.0,19.76,25.0,5.239999999999998,D,D,0.0,0.0,Civic Center/Grand Park,11807.0,Hold/Income Property,False
5685007022,1947 W ADDISON WAY,R1,4064.6,90041.0,28.16,28.31,0.14999999999999858,D,D,0.0,0.0,Heritage Square,4138.0,Hold/Income Property,False
5017011006,4927 S BUDLONG AVE,R1R3,6489.0,90037.0,32.36,30.74,-1.620000000000001,D,D,0.0,0.0,,,Hold/Income Property,False
2568015058,,RD1.5,6562.3,,43.65,44.31,0.6600000000000037,D,D,1.0,5.0,Vermont/Manchester,1204.0,Hold/Income Property,False
2545006023,9724 W SOMBRA VALLEY DR,RE40,14193.1,91040.0,34.8,33.18,-1.6199999999999974,D,D,0.0,0.0,Expo/La Brea,6716.0,Hold/Income Property,False
4256016038,,R4,398.9,,37.16,41.4,4.240000000000002,D,D,,,,,Multi-Family Development,False
2601073015,12101 N BELLANDO CT,RA,43618.4,91344.0,37.7,39.8,2.0999999999999943,D,D,0.0,0.0,North Hollywood,34177.0,Hold/Income Property,False
2512006040,13208 W FERNMONT ST,RS,7511.3,91342.0,32.73,30.89,-1.8399999999999963,D,D,0.0,0.0,Expo/Sepulveda,16100.0,Hold/Income Property,False
4410005007,312 N ENTRADA DR,R1,6500.2,90402.0,32.38,30.75,-1.6300000000000026,D,D,0.0,0.0,North Hollywood,47245.0,Hold/Income Property,False
2769015008,8925 N LINDLEY AVE,R1,18955.9,91325.0,37.74,36.04,-1.7000000000000028,D,D,0.0,0.0,Southwest Museum,4256.0,Hold/Income Property,False
5021032012,1745 W 41ST ST,R1,5876.2,90062.0,31.6,32.53,0.9299999999999997,D,D,,,,,Hold/Income Property,False
5063002001,2024 S DUNSMUIR AVE,RD2,6506.7,90016.0,46.38,44.76,-1.6200000000000045,D,D,0.0,0.0,Highland Park,25072.0,Hold/Income Property,False
5069001005,5772 W PICO BLVD,C4,4999.2,90019.0,48.25,54.5,6.25,D,C,0.0,0.0,Hollywood/Western,16140.0,Commercial Development,False
5404002021,1016 N BONNIE BRAE ST,R3,9064.4,90026.0,46.97,44.88,-2.0899999999999963,D,D,,,,,Multi-Family Development,False
5024012020,4131 S NORTON AVE,R1,4488.1,90008.0,29.22,28.74,-0.4800000000000004,D,D,0.0,0.0,Sierra Madre Villa,48588.0,Hold/Income Property,False
2045011012,23816 W BESSEMER ST,RS,7503.3,91367.0,32.72,30.89,-1.8299999999999983,D,D,,,,,Hold/Income Property,False
2638031006,8422 N STANSBURY AVE,R1,6126.9,91402.0,31.91,30.38,-1.5300000000000011,D,D,0.0,0.0,North Hollywood,30107.0,Hold/Income Property,False
4330006009,1250 S BEDFORD DR,R1,5593.4,90035.0,31.24,34.34,3.100000000000005,D,D,2.0,8.0,Florence,1974.0,Hold/Income Property,False
5473040027,4592 N ELLENWOOD DR,RD2,4799.9,90041.0,43.5,43.05,-0.45000000000000284,D,D,0.0,0.0,Expo/Vermont,3800.0,Hold/Income Property,False
2822009011,11767 N PORTER VALLEY DR,RE11,9422.8,91326.0,33.27,31.12,-2.150000000000002,D,D,,,,,Hold/Income Property,False
2107019093,20223 W BLYTHE ST,R1,6349.7,91306.0,32.19,30.6,-1.5899999999999963,D,D,0.0,0.0,Long Beach,24272.0,Hold/Income Property,False
4214019003,11860 W PARK AVE,R1V2,7362.9,90066.0,33.3,31.49,-1.8099999999999987,D,D,0.0,0.0,Expo/Bundy,16486.0,Hold/Income Property,False
4404011006,308 S KENTER AVE,R1,5755.0,90049.0,31.44,30.0,-1.4400000000000013,D,D,,,,,Hold/Income Property,False
5419006003,1554 N LEMOYNE ST,R2,4799.9,90026.0,33.5,34.3,0.7999999999999972,D,D,,,,,Hold/Income Property,False
2601065009,11838 N WOOD RANCH ROAD,RA,48742.6,91344.0,37.7,39.8,2.0999999999999943,D,D,0.0,0.0,Sierra Madre Villa,34590.0,Hold/Income Property,False
7446005007,1346 W AMAR ST,R1,4800.5,90732.0,30.0,29.05,-0.9499999999999993,D,D,0.0,0.0,North Hollywood,39370.0,Hold/Income Property,False
6039004016,451 W 93RD ST,R1,5360.3,90003.0,30.95,29.61,-1.3399999999999999,D,D,,,,,Hold/Income Property,False
7411007035,25823 S SENATOR AVE,C2,7950.9,90710.0,51.29,54.63,3.3400000000000034,C,C,0.0,0.0,Expo/Sepulveda,8272.0,Commercial Development,False
7470005026,1248 W 26TH PL,R1,11258.4,90731.0,35.81,33.75,-2.0600000000000023,D,D,0.0,0.0,Firestone,9103.0,Hold/Income Property,False
2283020010,4362 N FIRMAMENT AVE,R1,11122.7,91403.0,35.78,33.7,-2.0799999999999983,D,D,,,,,Hold/Income Property,False
5059016026,2528 S 8TH AVE,R1,8466.3,90018.0,34.22,32.23,-1.990000000000002,D,D,,,,,Hold/Income Property,False
2315006017,7720 N BONNER AVE,R1,6750.8,91352.0,32.69,31.0,-1.6899999999999977,D,D,0.0,0.0,Sierra Madre Villa,42442.0,Hold/Income Property,False
5438018018,2718 W LOCKSLEY PL,RD2,5418.8,90039.0,45.02,43.67,-1.3500000000000014,D,D,,,,,Hold/Income Property,False
2770006029,9012 N AMIGO AVE,R1,6015.7,91324.0,31.77,30.27,-1.5,D,D,,,,,Hold/Income Property,False
5492037005,221 S AVENUE 66,RD2,4920.3,90042.0,42.8,40.67,-2.1299999999999955,D,D,0.0,0.0,Sierra Madre Villa,34892.0,Hold/Income Property,False
2556005058,10732 N MCVINE AVE,R1,4030.6,91040.0,28.08,28.28,0.20000000000000284,D,D,0.0,0.0,Highland Park,30071.0,Hold/Income Property,False
5406028010,900 1-10 W COLLEGE ST,LM2,6808.2,90012.0,30.51,31.81,1.2999999999999972,D,D,,,,,Hold/Income Property,False
5535023017,924 N OXFORD AVE,RD1.5,8598.8,90029.0,45.53,42.82,-2.710000000000001,D,D,0.0,0.0,North Hollywood,29796.0,Hold/Income Property,False
5051015027,,R3,432.5,,31.97,34.43,2.460000000000001,D,D,,,,,Multi-Family Development,False
4404019007,200 S BUNDY DR,R1,5915.8,90049.0,31.64,30.17,-1.4699999999999989,D,D,0.0,0.0,Sierra Madre Villa,44401.0,Hold/Income Property,False
5180021014,148 S SAVANNAH ST,R2,2000.0,90033.0,25.83,29.0,3.1700000000000017,D,D,0.0,0.0,North Hollywood,47431.0,Hold/Income Property,False
2381025010,3123 N DONA ELENA PL,RE15,9137.8,91604.0,33.03,30.93,-2.1000000000000014,D,D,0.0,0.0,Highland Park,25877.0,Hold/Income Property,False
5059005029,4238 W 25TH ST,RD2,2500.0,90018.0,38.17,43.35,5.18,D,D,,,,,Hold/Income Property,False
2146008256,22001 W BURBANK BLVD,(WC)OPANGA,26168.9,91367.0,38.75,39.08,0.3299999999999983,D,D,,,,,Hold/Income Property,False
4240007016,226 S 4TH AVE,RD1.5,4171.8,90291.0,39.63,38.92,-0.7100000000000009,D,D,0.0,0.0,Sierra Madre Villa,35841.0,Hold/Income Property,False
6042019018,810 E 88TH ST,R2,5159.4,90002.0,34.2,34.66,0.45999999999999375,D,D,0.0,0.0,Expo/Vermont,3396.0,Hold/Income Property,False
2779034006,8423 N REMMET AVE,RS,7502.1,91304.0,32.72,30.88,-1.8399999999999999,D,D,,,,,Hold/Income Property,False
7423028037,1042 N HYATT AVE,R1,4694.3,90744.0,29.74,28.94,-0.7999999999999972,D,D,,,,,Hold/Income Property,False
5053017021,2937 S LA SALLE AVE,R1R3,3750.7,90018.0,27.38,28.0,0.620000000000001,D,D,,,,,Hold/Income Property,False
2715033022,11240 N CHIMINEAS AVE,RE11,11295.9,91326.0,34.07,32.02,-2.049999999999997,D,D,,,,,Hold/Income Property,False
2639034008,8931 N COSTELLO AVE,R1,9896.2,91402.0,35.41,33.18,-2.229999999999997,D,D,,,,,Hold/Income Property,False
2701041010,20116 W VIA MEDICI,RE11,18415.3,91326.0,35.85,34.18,-1.6700000000000017,D,D,0.0,0.0,Expo/Western,3720.0,Hold/Income Property,False
2286010022,3676 N SAPPHIRE DR,RE15,26990.0,91436.0,38.75,35.63,-3.1199999999999974,D,D,0.0,0.0,Firestone,16608.0,Hold/Income Property,False
2175001003,5101 N VANALDEN AVE,RA,22044.1,91356.0,37.7,34.21,-3.490000000000002,D,D,,,,,Hold/Income Property,False
5003005013,1746 W 51ST PL,R2,5460.3,90062.0,34.58,34.96,0.38000000000000256,D,D,,,,,Hold/Income Property,False
2364009023,12455 W SARAH ST,R1,8734.6,91604.0,34.45,32.41,-2.0400000000000063,D,D,,,,,Hold/Income Property,False
4221014020,12124 W HAVELOCK AVE,R1,5320.5,90230.0,30.9,29.57,-1.3299999999999983,D,D,,,,,Hold/Income Property,False
2784021002,19246 W NAPA ST,RS,7865.0,91324.0,33.02,31.13,-1.8900000000000041,D,D,0.0,0.0,,,Hold/Income Property,False
4332021011,1036 1-5 S BEDFORD ST,R3,5911.2,90035.0,43.39,41.41,-1.980000000000004,D,D,,,,,Multi-Family Development,False
6048025013,,R2,3326.3,,29.82,32.83,3.009999999999998,D,D,,,,,Hold/Income Property,False
5068024010,1637 S ORANGE GROVE AVE,R1R3,6377.0,90019.0,32.22,30.63,-1.5899999999999999,D,D,,,,,Hold/Income Property,False
5419027013,1312 N LAVETA TER,R3,1654.4,90026.0,35.01,37.15,2.1400000000000006,D,D,,,,,Multi-Family Development,False
5072036012,1412 S 3RD AVE,RD1.5,5080.0,90019.0,41.8,39.83,-1.9699999999999989,D,D,,,,,Hold/Income Property,False
2718003011,11113 N BECKFORD AVE,RS,7655.1,91326.0,32.85,30.99,-1.860000000000003,D,D,0.0,0.0,,,Hold/Income Property,False
2024019024,22753 W GAULT ST,RS,7707.2,91307.0,32.89,31.02,-1.870000000000001,D,D,0.0,0.0,North Hollywood,27807.0,Hold/Income Property,False
2032025010,6460 N ELLENVIEW AVE,RE11,11695.7,91307.0,34.17,32.18,-1.990000000000002,D,D,,,,,Hold/Income Property,False
4309005022,2348 S BEVERWIL DR,R1V2,5312.0,90034.0,30.39,28.56,-1.8300000000000018,D,D,0.0,0.0,Expo/La Cienega,7936.0,Hold/Income Property,False
5043016016,5337 W BLACKWELDER ST,RD1.5,4800.1,90016.0,41.2,39.55,-1.6500000000000057,D,D,,,,,Hold/Income Property,False
5312021057,751 E MILFORD ST,R1,4557.3,90042.0,28.89,27.81,-1.0800000000000018,D,D,0.0,0.0,Hollywood/Highland,10339.0,Hold/Income Property,False
6070016002,11406 S CENTRAL AVE,C2,2648.8,90059.0,42.41,49.65,7.240000000000002,D,D,0.0,0.0,Expo/Crenshaw,4152.0,Commercial Development,False
4112032006,8232 S WESTLAWN AVE,R1V2,9745.3,90045.0,35.29,33.08,-2.210000000000001,D,D,0.0,0.0,Firestone,7547.0,Hold/Income Property,False
5302033003,3936 N MONTEREY ROAD,R1,7879.2,90032.0,33.73,31.84,-1.889999999999997,D,D,0.0,0.0,Expo/Bundy,17677.0,Hold/Income Property,False
2362018064,12813 W MILBANK ST,R1,5750.7,91604.0,31.44,30.0,-1.4400000000000013,D,D,,,,,Hold/Income Property,False
5457019016,2737 W MOSS AVE,R1,7499.9,90065.0,33.42,31.58,-1.8400000000000034,D,D,0.0,0.0,North Hollywood,21603.0,Hold/Income Property,False
7451026016,670 W 5TH ST,RD1.5,5000.6,90731.0,41.7,39.75,-1.9500000000000028,D,D,0.0,0.0,7th St/Metro Center,2796.0,Hold/Income Property,False
2688028048,8821 N MCLENNAN AVE,RS,8202.0,91343.0,33.3,31.35,-1.9499999999999957,D,D,0.0,0.0,Highland Park,28599.0,Hold/Income Property,False
4247008025,12819 W STANWOOD DR,R1V2,5500.1,90066.0,31.13,29.75,-1.379999999999999,D,D,0.0,0.0,Sierra Madre Villa,43760.0,Hold/Income Property,False
5570018016,7990 W MULHOLLAND DR,RE15,13858.9,90046.0,34.71,33.04,-1.6700000000000017,D,D,0.0,0.0,North Hollywood,40644.0,Hold/Income Property,False
2608022010,12422 N EL ORO WAY,RS,10686.4,91344.0,34.97,32.82,-2.1499999999999986,D,D,0.0,0.0,Southwest Museum,6022.0,Hold/Income Property,False
5128008018,412 E 28TH ST,RD1.5,4092.1,90011.0,39.43,38.84,-0.5899999999999963,D,D,0.0,0.0,Hollywood/Western,11254.0,Hold/Income Property,False
2409003036,10833 W WHITE ST,R3,8751.7,91352.0,46.71,44.67,-2.039999999999999,D,D,0.0,0.0,Southwest Museum,6973.0,Multi-Family Development,False
2239022012,13830 W BESSEMER ST,RD2,6784.0,91401.0,46.73,45.03,-1.6999999999999957,D,D,0.0,0.0,Expo/La Brea,10831.0,Hold/Income Property,False
2701032016,19808 W SIERRA MEADOWS LANE,RD6,4861.5,91326.0,31.2,31.91,0.7100000000000009,D,D,,,,,Hold/Income Property,False
5442004001,2135 W SAN FERNANDO ROAD,MR1,14399.0,90065.0,47.8,47.96,0.1600000000000037,D,D,,,,,Hold/Income Property,False
5035018020,1743 W 39TH PL,R2,5412.1,90062.0,34.52,34.91,0.38999999999999346,D,D,0.0,0.0,North Hollywood,38747.0,Hold/Income Property,False
5430018014,3924 W CLAYTON AVE,R1,3667.8,90027.0,26.67,26.92,0.25,D,D,,,,,Hold/Income Property,False
2543006024,10222 W MCBROOM ST,RA,18288.3,91040.0,34.77,33.46,-1.3100000000000023,D,D,,,,,Hold/Income Property,False
5042009002,2110 W 37TH PL,R1,2000.1,90018.0,23.83,29.85,6.020000000000003,D,D,,,,,Hold/Income Property,False
5002029005,1120 W 51ST PL,R2,4880.2,90037.0,33.7,38.88,5.18,D,D,,,,,Hold/Income Property,False
7442020011,834 W BARHUGH PL,R1,5100.7,90731.0,30.63,29.35,-1.2799999999999976,D,D,,,,,Hold/Income Property,False
5473039002,,RD2,2006.3,,37.84,40.26,2.4199999999999946,D,D,,,,,Hold/Income Property,False
7411018022,26231 S BELLE PORTE AVE,R1,7441.7,90710.0,33.37,31.54,-1.8299999999999983,D,D,0.0,0.0,North Hollywood,33057.0,Hold/Income Property,False
2171016065,,R1,50.6,,19.08,21.8,2.7200000000000024,D,D,,,,,Hold/Income Property,False
5040007026,1259 1/2 W 36TH PL,RD1.5,3375.9,90007.0,36.14,37.13,0.990000000000002,D,D,,,,,Hold/Income Property,False
4286011014,924 1-3 S ELECTRIC AVE,RD1.5,4535.4,90291.0,40.54,39.29,-1.25,D,D,,,,,Hold/Income Property,False
2762035001,19119 1-34 W NORDHOFF ST,R3,46360.2,91324.0,52.25,54.0,1.75,C,C,,,,,Large Multi-Family Development,False
4358014015,1161 N HILARY LANE,RE15,13114.4,90210.0,33.03,32.75,-0.28000000000000114,D,D,0.0,0.0,Wilshire/Normandie,7244.0,Hold/Income Property,False
5128004042,219 1/2 E 30TH ST,RD1.5,6156.9,90011.0,41.65,38.41,-3.240000000000002,D,D,0.0,0.0,Expo/La Cienega,8706.0,Hold/Income Property,False
2181016014,5002 N NESTLE AVE,R1,6073.2,91356.0,31.84,30.32,-1.5199999999999996,D,D,0.0,0.0,Long Beach,26634.0,Hold/Income Property,False
2153028004,6055 N SHIRLEY AVE,RA,23397.9,91356.0,37.7,34.48,-3.220000000000006,D,D,,,,,Hold/Income Property,False
2745003010,22156 W ROMAR ST,R1,9060.6,91311.0,34.72,32.62,-2.1000000000000014,D,D,,,,,Hold/Income Property,False
2184049012,3800 N ALONZO AVE,RA,17501.1,91316.0,34.58,33.3,-1.2800000000000011,D,D,,,,,Hold/Income Property,False
2676022001,9226 N HAYVENHURST AVE,RS,6830.6,91343.0,32.09,30.38,-1.7100000000000044,D,D,0.0,0.0,North Hollywood,51938.0,Hold/Income Property,False
7414018013,1206 W CHANDLER ST,R1,7007.2,90744.0,33.01,31.25,-1.759999999999998,D,D,0.0,0.0,Firestone,14167.0,Hold/Income Property,False
6052016014,9901 S SAN PEDRO ST,RD2,1750.2,90003.0,37.42,40.0,2.5799999999999983,D,D,0.0,0.0,,,Hold/Income Property,False
4358014024,1106 N MAYBROOK DR,RE15,11168.9,90210.0,34.04,31.97,-2.0700000000000003,D,D,0.0,0.0,North Hollywood,24640.0,Hold/Income Property,False
5486006021,6005 E DELPHI ST,R1,4282.9,90042.0,28.71,30.93,2.219999999999999,D,D,,,,,Hold/Income Property,False
5420029006,1728 N ASHMORE PL,RD3,3664.9,90026.0,42.91,45.41,2.5,D,D,,,,,Hold/Income Property,False
4305018013,8854 W HORNER ST,R1V2,6568.2,90035.0,32.46,35.32,2.8599999999999994,D,D,2.0,8.0,Heritage Square,2236.0,Hold/Income Property,False
2107021058,7707 N COMANCHE AVE,R1,5224.8,91306.0,30.78,29.47,-1.3100000000000023,D,D,0.0,0.0,North Hollywood,52207.0,Hold/Income Property,False
6037017016,8817 S NORMANDIE AVE,RD1.5,4500.1,90044.0,40.45,39.25,-1.2000000000000028,D,D,0.0,0.0,Highland Park,4188.0,Hold/Income Property,False
5101033013,5300 S BROADWAY,C2,5748.0,90037.0,48.93,52.75,3.8200000000000003,D,C,0.0,0.0,Westlake/MacArthur Park,11585.0,Commercial Development,False
5439029016,2301 N SILVER LAKE DR,R1,5190.1,90039.0,30.74,29.44,-1.2999999999999972,D,D,,,,,Hold/Income Property,False
4252031030,3659 S OVERLAND AVE,R4,5755.2,90034.0,47.44,46.76,-0.6799999999999997,D,D,0.0,0.0,North Hollywood,40132.0,Multi-Family Development,False
2258012008,17129 W VENTURA BLVD,P,16853.9,91316.0,35.46,37.37,1.9099999999999966,D,D,0.0,0.0,North Hollywood,38291.0,Hold/Income Property,False
4247028002,12425 W PRESTON WAY,R1V2,5750.1,90066.0,31.44,30.0,-1.4400000000000013,D,D,0.0,0.0,North Hollywood,29693.0,Hold/Income Property,False
2408014019,8430 N LEHIGH AVE,R1,6322.2,91352.0,32.15,30.57,-1.5799999999999983,D,D,,,,,Hold/Income Property,False
2184036010,4411 N MEDLEY PL,RA,19696.6,91316.0,35.12,33.74,-1.3799999999999955,D,D,0.0,0.0,Highland Park,28562.0,Hold/Income Property,False
5305022012,3165 N PYRITES ST,R1,4148.2,90032.0,28.37,28.4,0.029999999999997584,D,D,0.0,0.0,Sierra Madre Villa,40764.0,Hold/Income Property,False
4431005016,17137 W AVENIDA DE SANTA YNEZ,R1,14558.0,90272.0,36.64,36.57,-0.07000000000000028,D,D,,,,,Hold/Income Property,False
5179020027,308 N LORENA ST,RD1.5,9232.9,90063.0,46.06,43.24,-2.8200000000000003,D,D,,,,,Hold/Income Property,False
4307014014,1919 S ROXBURY DR,R1V2,11642.1,90035.0,35.91,35.41,-0.5,D,D,,,,,Hold/Income Property,False
7420003025,1307 N LAGOON AVE,R1,5547.9,90744.0,31.18,29.8,-1.379999999999999,D,D,,,,,Hold/Income Property,False
2701040041,19767 W RINALDI ST,C2,17031.1,91326.0,54.76,58.41,3.6499999999999986,C,C,,,,,Commercial Development,False
2033021003,24331 W CALVERT ST,RS,8040.5,91367.0,33.17,31.24,-1.9300000000000033,D,D,,,,,Hold/Income Property,False
5188023039,,R2,1292.3,,25.65,29.79,4.140000000000001,D,D,0.0,0.0,Firestone,19676.0,Hold/Income Property,False
7422015029,1522 N LAKME AVE,R1,5410.8,90744.0,31.01,29.66,-1.3500000000000014,D,D,0.0,0.0,Sierra Madre Villa,35625.0,Hold/Income Property,False
4251026021,3431 S MILITARY AVE,R1,5414.5,90034.0,30.52,33.16,2.639999999999997,D,D,2.0,8.0,Indiana,1808.0,Hold/Income Property,False
5108020013,4817 S WADSWORTH AVE,R2,1400.1,90011.0,24.83,28.4,3.5700000000000003,D,D,,,,,Hold/Income Property,False
5452004001,,RE20,2333.0,,22.64,24.83,2.1899999999999977,D,D,0.0,0.0,Firestone,6051.0,Hold/Income Property,False
7455005026,,C2,500.1,,37.33,45.0,7.670000000000002,D,D,0.0,0.0,North Hollywood,53357.0,Commercial Development,False
5190007006,1111 S EVERGREEN AVE,R2,4911.7,90023.0,33.78,34.41,0.6299999999999955,D,D,0.0,0.0,Sierra Madre Villa,47218.0,Hold/Income Property,False
2582030022,13954 N SADDLE RIDGE ROAD,R1,6904.6,91342.0,32.88,31.15,-1.730000000000004,D,D,0.0,0.0,Sierra Madre Villa,38541.0,Hold/Income Property,False
4240007031,233 S 5TH AVE,RD2,4130.4,90291.0,42.33,42.38,0.05000000000000426,D,D,0.0,0.0,Farmdale,7637.0,Hold/Income Property,False
2101013011,8060 N ZELZAH AVE,R1,5999.5,91335.0,31.75,30.25,-1.5,D,D,,,,,Hold/Income Property,False
2623020021,13091 W KELOWNA ST,R1,5998.7,91331.0,31.75,30.25,-1.5,D,D,,,,,Hold/Income Property,False
5689024010,1550 W GLEN AYLSA AVE,R1,6572.6,90041.0,32.47,30.82,-1.6499999999999986,D,D,,,,,Hold/Income Property,False
5070008019,1292 S MEADOWBROOK AVE,R2,6407.2,90019.0,35.76,35.91,0.14999999999999858,D,D,0.0,0.0,Expo/Bundy,18836.0,Hold/Income Property,False
4228008024,,R1,7229.2,,33.19,31.4,-1.7899999999999991,D,D,0.0,0.0,Firestone,16969.0,Hold/Income Property,False
2783001013,8357 N TAMPA AVE,RA,5757.0,91324.0,28.65,27.56,-1.0899999999999999,D,D,0.0,0.0,North Hollywood,36827.0,Hold/Income Property,False
5006026045,2710 1/2 W 54TH ST,C2,2375.0,90043.0,41.46,55.88,14.420000000000002,D,C,4.0,15.0,Expo Park/USC,747.0,Commercial Development,False
5033020005,4000 S OLMSTED AVE,R1,6123.0,90008.0,31.9,30.37,-1.5299999999999976,D,D,0.0,0.0,Expo/La Brea,10028.0,Hold/Income Property,False
4306019009,1701 S BAGLEY AVE,R1V2,7634.4,90035.0,33.53,31.67,-1.8599999999999994,D,D,,,,,Hold/Income Property,False
2416019015,5538 N CARTWRIGHT AVE,R1,6138.4,91601.0,31.92,30.39,-1.5300000000000011,D,D,,,,,Hold/Income Property,False
