apn,address,zip_code,zoning,lot_size,building_sqft,units,toc_status
5089017007,"838 S SIERRA BONITA AVE",90036,R1-1-O-HPOZ,"7,702.5 (sq ft)","2,534.0 (sq ft)",1,
2642011021,"9415 N CANTERBURY AVE",91331,R1-1,"6,230.1 (sq ft)","1,372.0 (sq ft)",1,
2176024006,"4610 N ARRIBA DR",91356,RE11-1,"13,018.7 (sq ft)","2,693.0 (sq ft)",1,
5016034001,"5015 S DALTON AVE",90062,R2-1-CPIO,"5,251.6 (sq ft)","1,653.0 (sq ft)",1,
2779014011,"21341 W COMMUNITY ST",91304,RA-1,"31,198.6 (sq ft)","2,629.0 (sq ft)",1,
4316010001,"3116 S QUEENSBURY DR",90064,R1V2,"7,535.0 (sq ft)","1,529.0 (sq ft)",1,
5473040027,"4592 N ELLENWOOD DR",90041,RD2-1,"4,799.9 (sq ft)","2,406.0 (sq ft)",1,
6017015021,"1913 W 76TH ST",90047,R1-1,"6,700.4 (sq ft)","1,869.0 (sq ft)",1,
5033012030,"3870 S EDGEHILL DR",90008,R1-1,"5,853.3 (sq ft)","1,511.0 (sq ft)",1,
7423001006,"637 N AVALON BLVD",90744,[Q]C2-2D-CUGU,"1,824.6 (sq ft)","2,750.0 (sq ft)",1,
2222022004,"15414 W LEADWELL ST",91406,R1-1,"6,749.6 (sq ft)","2,660.0 (sq ft)",1,
7422015029,"1522 N LAKME AVE",90744,R1-1XL-O-CUGU,"5,410.8 (sq ft)","784.0 (sq ft)",1,
5128008018,"412 E 28TH ST",90011,RD1.5-1,"4,092.1 (sq ft)","935.0 (sq ft)",1,
2537006010,"12402 W BROMWICH ST",91331,[T][Q]M1-1-CUGU,"8,235.3 (sq ft)","1,332.0 (sq ft)",1,
2728004006,"10643 N BATON ROUGE AVE",91326,RE11-1,"12,374.6 (sq ft)","2,554.0 (sq ft)",1,
2386028023,"13416 W NEWCOMB DR",91423,R1-1,"4,540.3 (sq ft)",,,
5523030026,"565 N IRVING BLVD",90004,R1R3-RG,"5,084.7 (sq ft)","1,697.0 (sq ft)",1,
5159013018,"1562 W ROCKWOOD ST",90026,RD1.5-1-O,"5,974.5 (sq ft)",,,
2024019024,"22753 W GAULT ST",91307,RS-1,"7,707.2 (sq ft)","1,896.0 (sq ft)",1,
2745013029,"10158 N HANNA AVE",91311,R1-1,"5,004.5 (sq ft)","1,820.0 (sq ft)",1,
6061025010,"518 W 105TH ST",90044,R1-1,"4,733.9 (sq ft)","1,495.0 (sq ft)",1,
2247020003,"13956 W WEDDINGTON ST",91401,R1-1,"22,530.9 (sq ft)","3,097.0 (sq ft)",1,
2582015028,"13955 N SIMSHAW AVE",91342,RS-1,"9,689.1 (sq ft)","1,599.0 (sq ft)",1,
4238006026,"514 E ALTAIR PL",90291,RD1.5-1-O,"2,707.2 (sq ft)","3,100.0 (sq ft)",1,
4240007016,"226 S 4TH AVE",90291,RD1.5-1,"4,171.8 (sq ft)","964.0 (sq ft)",1,
5691007021,"5308 N MOUNT HELENA AVE",90041,R1-1-HCR,"10,792.4 (sq ft)","1,558.0 (sq ft)",1,
4379006021,"2595 N BASIL LANE",90077,RE40-1-H-HCR,"2,493.0 (sq ft)","2,109.0 (sq ft)",1,
5013003004,"5131 S WEST BLVD",90043,R1-1,"7,000.3 (sq ft)","1,370.0 (sq ft)",1,
2769015008,"8925 N LINDLEY AVE",91325,R1-1,"18,955.9 (sq ft)","2,483.0 (sq ft)",1,
7470022032,"1335 W 35TH ST",90731,R1-1XL,"6,250.8 (sq ft)","833.0 (sq ft)",1,
5510010010,"6217 W 5TH ST",90048,R1-1-O-RFA,"6,025.3 (sq ft)","2,440.0 (sq ft)",1,
5178024028,"427 N CONCORD ST",90063,R2-1-CUGU,"4,637.1 (sq ft)","1,996.0 (sq ft)",1,
5537018012,"1011 N NORMANDIE AVE",90029,R3-1XL,"8,483.4 (sq ft)","7,237.0 (sq ft)",8,
4264019027,"1129 S CARMELINA AVE",90049,RE9-1,"8,993.4 (sq ft)","3,338.0 (sq ft)",1,
5523034024,"423 N WINDSOR BLVD",90004,R1R3-RG,"4,998.0 (sq ft)","1,475.0 (sq ft)",1,
2074027014,"4837 N DUNMAN AVE",91364,RE15-1-H,"15,839.9 (sq ft)","2,165.0 (sq ft)",1,
2239007018,"6234 N MATILIJA AVE",91401,RE9-1,"15,999.5 (sq ft)","2,031.0 (sq ft)",1,
5594024037,"4107 W GARDEN AVE",90039,R1-1-RIO,"4,944.6 (sq ft)","1,794.0 (sq ft)",1,
2755017022,"17401 W PLUMMER ST",91325,RA-1,"14,808.4 (sq ft)","2,595.0 (sq ft)",1,
2228030001,"7127 N LOUISE AVE",91406,R1-1,"9,771.8 (sq ft)","1,726.0 (sq ft)",1,
4326031012,"10496 W HOLMAN AVE",90024,R1-1-O,"8,347.8 (sq ft)","2,108.0 (sq ft)",1,
2556005058,"10732 N MCVINE AVE",91040,R1-1-RFA,"4,030.6 (sq ft)","1,254.0 (sq ft)",1,
7455005026,,,C2-2D-CPIO,"500.1 (sq ft)","10,500.0 (sq ft)",0,
5452004001,,,RE20-1-HCR,"2,333.0 (sq ft)",,,
2167018037,"5140 N ALHAMA DR",91364,R1-1,"5,366.5 (sq ft)","2,122.0 (sq ft)",1,
5223026014,"1890 N HEIDLEMAN ROAD",90032,[Q]R1-1D-HCR,"4,800.0 (sq ft)","1,706.0 (sq ft)",1,
2104007021,"19161 W INGOMAR ST",91335,RA-1,"21,907.2 (sq ft)","1,812.0 (sq ft)",1,
5057006013,"2623 S HILLCREST DR",90016,RD3-1,"6,500.0 (sq ft)","1,728.0 (sq ft)",2,
5022010030,"2006 W 43RD ST",90062,R1-1,"5,503.2 (sq ft)","1,603.0 (sq ft)",1,
2177036021,"4001 N CLARINDA DR",91356,RA-1,"74,646.0 (sq ft)","6,448.0 (sq ft)",1,
4230025010,"4146 S LYCEUM AVE",90066,R1-1,"4,954.0 (sq ft)","966.0 (sq ft)",1,
2286010022,"3676 N SAPPHIRE DR",91436,RE15-1-H,"26,990.0 (sq ft)","2,097.0 (sq ft)",1,
2369039009,"12149 W VIEWCREST ROAD",91604,R1-1-RIO,"5,845.0 (sq ft)","1,450.0 (sq ft)",1,
5560034012,"9060 W SHOREHAM DR",90069,R1-1-HCR,"4,937.4 (sq ft)",,,
4244005025,"13001 W ROSE AVE",90066,R1V2,"7,795.5 (sq ft)","2,581.0 (sq ft)",1,
2153030044,"19453 W OXNARD ST",91356,RA-1,"25,728.2 (sq ft)","1,243.0 (sq ft)",1,
4404019007,"200 S BUNDY DR",90049,R1-1,"5,915.8 (sq ft)","1,220.0 (sq ft)",1,
4228010022,"2424 S WILSON AVE",90291,R1-1,"3,600.2 (sq ft)","1,776.0 (sq ft)",1,
4265008034,"11752 W DARLINGTON AVE",90049,[Q]R3-1,"2,350.9 (sq ft)","1,801.0 (sq ft)",1,
5139011002,"1053 S HILL ST",90015,"[HB3-G1-5] [CX2-FA] [CPIO-O]","4,783.2 (sq ft)","2,999.0 (sq ft)",0,
2214007021,"7921 N PEACHTREE AVE",91402,R1-1,"6,204.4 (sq ft)","1,488.0 (sq ft)",1,
5302033003,"3936 N MONTEREY ROAD",90032,[Q]R1-1D-HCR,"7,879.2 (sq ft)","1,360.0 (sq ft)",1,
2357030021,"4834 N BEEMAN AVE",91607,R1-1,"6,566.6 (sq ft)","1,943.0 (sq ft)",1,
2685003014,"10000 N WHITAKER AVE",91343,RS-1,"8,680.2 (sq ft)","1,406.0 (sq ft)",1,
5685022024,"1849 N CAMPUS ROAD",90041,R1-1-HCR,"14,201.7 (sq ft)","1,492.0 (sq ft)",1,
2153030004,"6025 N CALVIN AVE",91356,RA-1,"26,934.3 (sq ft)","3,701.0 (sq ft)",1,
4318012012,"2559 S AIKEN AVE",90064,R1V2-O,"5,576.8 (sq ft)","3,299.0 (sq ft)",1,
6039018070,"845 W 94TH ST",90044,RD2-1,"4,056.0 (sq ft)","692.0 (sq ft)",1,
7425001032,"1216 N HYATT AVE",90744,R1-1XL-O-CUGU,"6,711.5 (sq ft)","872.0 (sq ft)",1,
5107025004,"1208 E 49TH ST",90011,R2-1,"5,409.0 (sq ft)","600.0 (sq ft)",1,
5424011017,"1428 N OCCIDENTAL BLVD",90026,R1-1VL,"4,987.2 (sq ft)","692.0 (sq ft)",1,
2697022002,"17024 W MCKEEVER ST",91344,RS-1,"9,557.2 (sq ft)","1,766.0 (sq ft)",1,
6053013051,"228 W 97TH ST",90003,R2-1,"5,200.3 (sq ft)","770.0 (sq ft)",1,
4214019003,"11860 W PARK AVE",90066,R1V2,"7,362.9 (sq ft)","1,219.0 (sq ft)",1,
6052016014,"9901 S SAN PEDRO ST",90003,RD2-1,"1,750.2 (sq ft)","520.0 (sq ft)",1,
6057020014,"2054 W 99TH ST",90047,R1-1,"6,215.6 (sq ft)","1,233.0 (sq ft)",1,
2269012008,"13944 W HESBY ST",91423,R1-1-RIO,"6,049.2 (sq ft)","1,276.0 (sq ft)",1,
4008022018,"7019 S 3RD AVE",90043,R1-1,"6,003.6 (sq ft)","1,438.0 (sq ft)",1,
5431023016,"3056 W LANDA ST",90039,R1-1VL,"7,506.4 (sq ft)","1,278.0 (sq ft)",1,
2503009011,"13624 N FENTON AVE",91342,RA-1-K,"28,734.7 (sq ft)","2,100.0 (sq ft)",1,
5590016021,"4525 1-8 W RUSSELL AVE",90027,R2-1XL,"6,749.9 (sq ft)","5,962.0 (sq ft)",8,
5465005029,"480 W AVENUE 45",90065,R1-1-HCR,"2,953.9 (sq ft)","1,584.0 (sq ft)",1,
7458008010,"1056 W 10TH ST",90731,RD1.5-1XL,"5,400.7 (sq ft)","1,152.0 (sq ft)",1,
4112032006,"8232 S WESTLAWN AVE",90045,R1V2,"9,745.3 (sq ft)","1,902.0 (sq ft)",1,
7422027031,"1575 N BAYPOINT AVE",90744,R1-1XL-CUGU,"4,976.5 (sq ft)","1,346.0 (sq ft)",1,
5405021052,,,C2-1VL,"2,249.6 (sq ft)","1,182.0 (sq ft)",2,
5471020022,"4841 E LYNN ST",90042,R1-1-HCR,"5,714.0 (sq ft)","800.0 (sq ft)",2,
2172014006,,,R1-1,"1,752.5 (sq ft)",,,
2159008010,"5704 N LINDLEY AVE",91316,R1-1-RIO,"5,999.3 (sq ft)","1,740.0 (sq ft)",1,
2184036010,"4411 N MEDLEY PL",91316,RA-1,"19,696.6 (sq ft)","3,758.0 (sq ft)",1,
5402018015,"2320 W RESERVOIR ST",90026,R2-1VL,"3,703.4 (sq ft)","1,481.0 (sq ft)",1,
2386020022,"3901 1/2 N VENTURA CANYON AVE",91423,RE15-1-H,"13,218.8 (sq ft)","2,619.0 (sq ft)",1,
4247028002,"12425 W PRESTON WAY",90066,R1V2,"5,750.1 (sq ft)","1,240.0 (sq ft)",1,
4302021003,"1904 S SHENANDOAH ST",90034,RD2-1,"8,186.8 (sq ft)","1,898.0 (sq ft)",1,
5188023039,,,R2-1-CUGU,"1,292.3 (sq ft)","780.0 (sq ft)",1,
2138003059,,,(Q)R3-1-RIO,"9,374.7 (sq ft)","24,590.0 (sq ft)",31,
2555026024,"8428 W FENWICK ST",91040,R1-1-RFA,"4,949.7 (sq ft)","973.0 (sq ft)",1,
2647024013,"9950 N OBECK AVE",91331,RS-1,"7,457.4 (sq ft)","1,050.0 (sq ft)",1,
2126034004,"6744 N AMIGO AVE",91335,R1-1-RIO,"16,845.0 (sq ft)","1,593.0 (sq ft)",1,
4232019004,"4317 S LINDBLADE DR",90066,R1-1,"6,215.8 (sq ft)","1,041.0 (sq ft)",1,
5070008019,"1292 S MEADOWBROOK AVE",90019,R2-1-O,"6,407.2 (sq ft)","1,399.0 (sq ft)",1,
2279008013,"3525 N WOODCLIFF ROAD",91403,RE15-1-H,"6,966.5 (sq ft)","1,877.0 (sq ft)",1,
4110027006,"7537 S WESTLAWN AVE",90045,R1V2,"6,530.9 (sq ft)","1,788.0 (sq ft)",1,
5685016009,"2240 W NORWALK AVE",90041,RD1.5-1,"7,779.6 (sq ft)","6,500.0 (sq ft)",10,
2107021058,"7707 N COMANCHE AVE",91306,R1-1,"5,224.8 (sq ft)","2,018.0 (sq ft)",1,
2401037007,,,A2-1-K,"8,828.6 (sq ft)","1,506.0 (sq ft)",1,
2609025033,"16960 W PAULETTE PL",91344,RE11-1,"15,909.5 (sq ft)","2,548.0 (sq ft)",1,
5527005002,"852 N GENESEE AVE",90046,R2-1XL,"6,498.4 (sq ft)","4,618.0 (sq ft)",1,
5535023017,"924 N OXFORD AVE",90029,RD1.5-1XL,"8,598.8 (sq ft)","1,651.0 (sq ft)",1,
6119020023,"800 W 145TH ST",90247,R1-1,"5,279.1 (sq ft)","1,078.0 (sq ft)",1,
2531034029,"11804 W JOUETT ST",91342,(T)R1-1,"6,138.1 (sq ft)","1,900.0 (sq ft)",1,
2017022018,"8469 N VALLEY FLORES DR",91304,A1-1,"19,416.4 (sq ft)","1,397.0 (sq ft)",1,
5446012015,"2620 N IDELL ST",90065,RD1.5-1-CDO-RIO,"2,124.6 (sq ft)","5,760.0 (sq ft)",8,
4358014024,"1106 N MAYBROOK DR",90210,RE15-1-HCR,"11,168.9 (sq ft)","3,518.0 (sq ft)",1,
6037017016,"8817 S NORMANDIE AVE",90044,RD1.5-1,"4,500.1 (sq ft)","1,433.0 (sq ft)",0,
2385028029,"12953 W GREENLEAF ST",91604,R1-1-RIO,"8,400.4 (sq ft)","2,607.0 (sq ft)",1,
7458020012,"1057 W 13TH ST",90731,RD1.5-1XL,"6,098.0 (sq ft)","1,496.0 (sq ft)",1,
2668007025,"10521 N GAVIOTA AVE",91344,RS-1,"8,485.2 (sq ft)","1,654.0 (sq ft)",1,
4241011008,"714 E MILWOOD AVE",90291,R2-1,"5,400.9 (sq ft)","1,296.0 (sq ft)",1,
5036024030,"3943 S LA SALLE AVE",90062,R2-1-CPIO,"5,207.9 (sq ft)","1,248.0 (sq ft)",1,
5473031041,"1727 N AVE 45",90041,R1-1-HCR,"6,251.5 (sq ft)","696.0 (sq ft)",1,
2527025012,"12738 W MONTFORD ST",91331,R1-1-CUGU,"6,175.2 (sq ft)","1,577.0 (sq ft)",1,
5155025004,"229 S CORONADO ST",90057,R3-1,"4,383.2 (sq ft)","2,532.0 (sq ft)",1,
7372018074,"1707 W 247TH PL",90717,R1-1XL,"6,271.4 (sq ft)","1,232.0 (sq ft)",1,
2616025012,"13850 W DESMOND ST",91331,R1-1-O-CUGU,"7,503.3 (sq ft)","1,379.0 (sq ft)",1,
4423023014,"951 N CHAUTAUQUA BLVD",90272,R1V1,"8,660.2 (sq ft)","6,670.0 (sq ft)",1,
5512006006,"157 N GARDNER ST",90036,R1-1-O-HPOZ,"5,984.1 (sq ft)","1,717.0 (sq ft)",1,
2782033019,"8849 N LUBAO AVE",91324,RS-1,"7,917.6 (sq ft)","1,392.0 (sq ft)",1,
2367010035,"4143 N RHODES AVE",91604,R1-1-RIO,"7,002.4 (sq ft)","1,303.0 (sq ft)",1,
2172026014,"4130 N SALTILLO ST",91364,R1-1,"6,540.2 (sq ft)","3,577.0 (sq ft)",1,
4365023003,"11362 W MONTANA AVE",90049,R1-1,"5,000.1 (sq ft)","3,445.0 (sq ft)",1,
2266006025,"14450 W DICKENS ST",91423,RD1.5-1,"6,802.5 (sq ft)","4,438.0 (sq ft)",6,
2315006017,"7720 N BONNER AVE",91352,R1-1-CUGU,"6,750.8 (sq ft)","1,112.0 (sq ft)",1,
2649018005,"10430 N PEACH AVE",91345,RS-1,"6,871.2 (sq ft)","1,877.0 (sq ft)",1,
5511033015,"8467 W 4TH ST",90048,R2-1-O,"8,530.2 (sq ft)","2,996.0 (sq ft)",2,
2601073015,"12101 N BELLANDO CT",91344,RA-1-O-K,"43,618.4 (sq ft)","4,805.0 (sq ft)",1,
2276007037,"4576 N SEPULVEDA BLVD",91403,C2-2,"7,990.0 (sq ft)","401,867.0 (sq ft)",0,
2607009002,"17434 W MAYFLOWER DR",91344,RA-1,"17,723.3 (sq ft)","5,273.0 (sq ft)",1,
2428003044,,,R1-1,"50.1 (sq ft)","1,081.0 (sq ft)",1,
7459010014,"1356 W 17TH ST",90732,R1-1XL,"6,832.8 (sq ft)","3,062.0 (sq ft)",1,
2638031006,"8422 N STANSBURY AVE",91402,R1-1,"6,126.9 (sq ft)","1,270.0 (sq ft)",1,
5460016017,"3561 N THE PASEO",90065,R1-1-HCR,"9,182.6 (sq ft)",,,
2424010005,"4400 N PONCA AVE",91602,R1-1-RIO,"6,965.7 (sq ft)","3,964.0 (sq ft)",1,
4322004032,"2331 S MIDVALE AVE",90064,R1-1,"6,484.4 (sq ft)","3,213.0 (sq ft)",1,
2568015058,,,RD1.5-1,"6,562.3 (sq ft)","2,226.0 (sq ft)",1,
7446005007,"1346 W AMAR ST",90732,R1-1XL,"4,800.5 (sq ft)","2,026.0 (sq ft)",1,
2122007008,"6910 N BERTRAND AVE",91335,R1-1,"6,367.9 (sq ft)","1,559.0 (sq ft)",1,
4223016015,"12814 W SHORT AVE",90066,R1-1,"5,004.2 (sq ft)","819.0 (sq ft)",1,
4332022004,"1118 1-7 S BEDFORD ST",90035,[Q]R3-1-O,"6,389.4 (sq ft)","6,162.0 (sq ft)",7,
2365029010,"4318 N FARMDALE AVE",91604,R1-1-RIO,"7,721.9 (sq ft)","4,398.0 (sq ft)",1,
5007020022,"5434 S CHESLEY AVE",90043,R1-1,"6,998.3 (sq ft)","1,581.0 (sq ft)",1,
5402006020,"635 1-3 N LA FAYETTE PARK PL",90026,RD1.5-1VL,"5,558.8 (sq ft)","2,860.0 (sq ft)",3,
5043005016,"2611 S CLOVERDALE AVE",90016,C2-1VL-CPIO,"7,971.1 (sq ft)","1,080.0 (sq ft)",1,
2611025006,"11955 N WIMBERLY AVE",91342,RS-1,"8,142.4 (sq ft)","2,643.0 (sq ft)",1,
2649015004,"10337 N MARKLEIN AVE",91345,RS-1,"7,749.5 (sq ft)","1,246.0 (sq ft)",1,
2362011003,"13015 1/2 W MOORPARK ST",91604,R3-1-RIO,"6,499.9 (sq ft)","4,268.0 (sq ft)",4,
2237023007,"14414 W HAMLIN ST",91401,[Q]C1-1VL-CDO,"7,499.8 (sq ft)","10,000.0 (sq ft)",0,
2727001007,"22454 W ITASCA ST",91311,RA-1,"17,646.0 (sq ft)","3,083.0 (sq ft)",1,
5131019010,"1036 E 23RD ST",90011,[Q]R4-1,"6,227.5 (sq ft)","1,400.0 (sq ft)",1,
5178020015,"3030 E EAST SIDE BLVD",90063,C2-1-CUGU,"2,565.1 (sq ft)","2,701.0 (sq ft)",1,
2380013015,"3361 N WRIGHTVIEW PL",91604,RE15-1-H,"9,865.0 (sq ft)","2,022.0 (sq ft)",1,
2130022012,"7024 N SHIRLEY AVE",91335,R1-1-RIO,"6,037.3 (sq ft)","1,216.0 (sq ft)",1,
4316001018,"10281 W KINCARDINE AVE",90064,R1V2,"10,101.6 (sq ft)","4,909.0 (sq ft)",1,
5128004042,"219 1/2 E 30TH ST",90011,RD1.5-1,"6,156.9 (sq ft)","3,867.0 (sq ft)",4,
4410005007,"312 N ENTRADA DR",90402,R1-1,"6,500.2 (sq ft)","2,885.0 (sq ft)",1,
4251024023,"3440 S GREENFIELD AVE",90034,R1-1,"6,186.0 (sq ft)","2,132.0 (sq ft)",1,
4412011004,"15313 W DE PAUW ST",90272,R1-1,"8,154.9 (sq ft)","5,862.0 (sq ft)",1,
2582030022,"13954 N SADDLE RIDGE ROAD",91342,R1-1,"6,904.6 (sq ft)","1,857.0 (sq ft)",1,
2627033005,"8406 N DORRINGTON AVE",91402,R1-1,"6,599.7 (sq ft)","1,718.0 (sq ft)",1,
5024012020,"4131 S NORTON AVE",90008,R1-1,"4,488.1 (sq ft)","1,344.0 (sq ft)",1,
4371010005,"1541 N CRATER LANE",90077,RE15-1-HCR,"2,478.6 (sq ft)","1,892.0 (sq ft)",1,
5469010016,"5031 E GRANADA ST",90042,R1-1-HCR,"6,984.0 (sq ft)","1,440.0 (sq ft)",1,
5209033005,"2847 N PYRITES ST",90032,[Q]R1-1D-HCR,"3,704.3 (sq ft)","980.0 (sq ft)",1,
4330006009,"1250 S BEDFORD DR",90035,R1-1-O,"5,593.4 (sq ft)","2,244.0 (sq ft)",1,
2701039017,"20133 W VIA CELLINI",91326,RE11-1-H,"11,049.6 (sq ft)","4,706.0 (sq ft)",1,
2320027014,"6603 N TROOST AVE",91606,RD1.5-1,"4,953.5 (sq ft)","1,135.0 (sq ft)",1,
7411018022,"26231 S BELLE PORTE AVE",90710,R1-1XL,"7,441.7 (sq ft)","1,319.0 (sq ft)",1,
5046002031,"3707 W EXPOSITION BLVD",90016,R3-1,"5,363.1 (sq ft)","3,378.0 (sq ft)",2,
2783001013,"8357 N TAMPA AVE",91324,RA-1,"5,757.0 (sq ft)","903.0 (sq ft)",1,
7423026018,"1135 N EUBANK AVE",90744,[Q]R2-1XL-O-CUGU,"5,850.7 (sq ft)","1,178.0 (sq ft)",1,
2309009013,"8219 N LAURELGROVE AVE",91605,RS-1,"8,059.0 (sq ft)","2,148.0 (sq ft)",1,
4116027001,"254 E MANCHESTER AVE",90293,R1-1,"6,351.2 (sq ft)","1,183.0 (sq ft)",1,
2409003036,"10833 W WHITE ST",91352,R3-1-CUGU,"8,751.7 (sq ft)","1,364.0 (sq ft)",2,
2101005017,"17839 W LORNE ST",91335,R1-1,"6,445.2 (sq ft)","1,192.0 (sq ft)",1,
5121019011,"332 E 37TH ST",90011,R2-1,"1,877.0 (sq ft)","1,241.0 (sq ft)",1,
5492037005,"221 S AVENUE 66",90042,RD2-1-HPOZ,"4,920.3 (sq ft)","2,944.0 (sq ft)",4,
2233024021,"6434 N WOODLEY AVE",91406,[Q]RD1.5-1-RIO,"7,256.5 (sq ft)","5,220.0 (sq ft)",2,
4408033014,"14107 W ATTILLA ROAD",90402,R1H1-O,"5,330.7 (sq ft)","2,893.0 (sq ft)",1,
2871019014,"11390 N SINCLAIR AVE",91326,RS-1,"9,592.9 (sq ft)","1,704.0 (sq ft)",1,
2005007022,"8433 N SEDAN AVE",91304,RS-1,"6,720.3 (sq ft)","1,404.0 (sq ft)",1,
2601068016,"12033 N WOOD RANCH ROAD",91344,RA-1-O-K,"20,348.5 (sq ft)","4,416.0 (sq ft)",1,
6071005011,"622 E 110TH ST",90059,R2-1,"5,330.9 (sq ft)","1,354.0 (sq ft)",1,
2601050065,"12460 N JESSICA PL",91344,RE11-1-H,"13,183.9 (sq ft)","3,826.0 (sq ft)",1,
5063002001,"2024 S DUNSMUIR AVE",90016,RD2-1,"6,506.7 (sq ft)","2,010.0 (sq ft)",1,
5148006013,"308 E 4TH ST",90013,"[MN1-SH1-5] [CX1-FA] [CPIO]","2,633.9 (sq ft)","5,200.0 (sq ft)",0,
5423011026,"2321 W BERKELEY AVE",90026,R2-1VL,"6,000.2 (sq ft)","1,626.0 (sq ft)",1,
7454027003,"579 W 14TH ST",90731,RD1.5-1XL-CPIO,"6,753.0 (sq ft)","8,276.0 (sq ft)",8,
2644030016,"9460 N VAN NUYS BLVD",91402,[Q]C2-1VL,"6,277.0 (sq ft)","2,176.0 (sq ft)",0,
5431036010,"1745 N SILVER LAKE BLVD",90026,R2-1VL,"2,703.3 (sq ft)","2,532.0 (sq ft)",1,
2547024011,"10633 N VANORA DR",91040,R1-1,"8,004.0 (sq ft)","844.0 (sq ft)",1,
4239002006,"720 S 5TH AVE",90291,RD1.5-1,"5,669.6 (sq ft)","1,920.0 (sq ft)",2,
2354014039,"4629 N CAMELLIA AVE",91602,R1-1,"6,198.5 (sq ft)","1,306.0 (sq ft)",1,
2228015012,"7329 N LOUISE AVE",91406,R1-1,"5,999.7 (sq ft)","989.0 (sq ft)",1,
5073014010,"2271 W WASHINGTON BLVD",90018,C1.5-1VL-CPIO,"5,010.6 (sq ft)","7,496.0 (sq ft)",0,
2696025011,"17219 W LOS ALIMOS ST",91344,RE9-1XL-RFA,"11,399.1 (sq ft)","1,499.0 (sq ft)",1,
4384027006,"2216 N SAN YSIDRO DR",90210,RE15-1-H-HCR,"13,959.4 (sq ft)","3,149.0 (sq ft)",1,
2755004002,"9531 N WHITE OAK AVE",91325,RA-1,"17,399.7 (sq ft)","972.0 (sq ft)",1,
4243013021,"857 E WARREN AVE",90291,R1V2,"4,400.9 (sq ft)","944.0 (sq ft)",1,
6015009028,"1447 W 66TH ST",90047,R1-1,"4,003.3 (sq ft)","928.0 (sq ft)",1,
5565040012,"8382 W MULHOLLAND DR",90046,RE15-1-H-HCR,"12,817.6 (sq ft)","2,729.0 (sq ft)",1,
2269018014,"14006 W LA MAIDA ST",91423,R1-1-RIO,"5,994.0 (sq ft)","1,970.0 (sq ft)",1,
2285005038,"15815 W HIGH KNOLL ROAD",91436,RE15-1-H,"20,236.7 (sq ft)","4,914.0 (sq ft)",1,
2335024015,"6206 N BECK AVE",91606,[Q]R3-1,"6,586.2 (sq ft)","4,728.0 (sq ft)",6,
2680023016,"16452 W SAN FERNANDO MISSION BLVD",91344,RS-1,"7,502.7 (sq ft)","1,631.0 (sq ft)",1,
4405041030,"12315 W 14TH HELENA DR",90049,RS-1,"11,873.8 (sq ft)",,,
2552048018,"7358 W CHANTILLY CT",91042,RE11-1-H,"13,889.7 (sq ft)","3,551.0 (sq ft)",1,
5064020018,"1824 S CLYDE AVE",90019,RD1.5-1,"6,051.9 (sq ft)","952.0 (sq ft)",1,
5043016009,"5406 W SMILEY DR",90016,RD1.5-1,"4,800.1 (sq ft)","1,136.0 (sq ft)",1,
7416030025,,,[Q]RD2-1XL-O-CUGU,"3,000.4 (sq ft)","1,515.0 (sq ft)",1,
5555023003,"1466 N SWEETZER AVE",90069,R1-1-HCR,"4,892.1 (sq ft)","3,394.0 (sq ft)",1,
7470005026,"1248 W 26TH PL",90731,R1-1XL,"11,258.4 (sq ft)","2,532.0 (sq ft)",1,
5480025005,"1222 W WILDWOOD DR",90041,R1-1-HCR,"6,179.8 (sq ft)","960.0 (sq ft)",1,
2280017038,"3490 N ALANA DR",91403,RE15-1-H,"10,310.9 (sq ft)","2,063.0 (sq ft)",1,
5035018020,"1743 W 39TH PL",90062,R2-1,"5,412.1 (sq ft)","1,536.0 (sq ft)",1,
5565040002,"2715 N LAUREL PASS",90046,RE15-1-H-HCR,"11,222.0 (sq ft)","2,164.0 (sq ft)",1,
5229026023,"3145 1/2 E WABASH AVE",90063,[Q]C2-1-CUGU,"21,974.3 (sq ft)","6,240.0 (sq ft)",12,
4105001001,"5776 W 76TH ST",90045,R1-1,"6,242.4 (sq ft)","2,215.0 (sq ft)",1,
2317001015,"7750 N AGNES AVE",91605,R1-1-CUGU,"6,258.2 (sq ft)","1,114.0 (sq ft)",1,
5154013002,"2314 W 2ND ST",90057,R3-1,"3,123.5 (sq ft)","892.0 (sq ft)",1,
5014009008,"5104 S 8TH AVE",90043,R1-1,"6,468.0 (sq ft)","1,612.0 (sq ft)",1,
2722030001,"21634 W LOS ALIMOS ST",91311,RA-1-K,"17,542.4 (sq ft)","2,328.0 (sq ft)",1,
6084033020,"11722 S BELHAVEN ST",90059,R1R3,"6,602.8 (sq ft)","1,400.0 (sq ft)",1,
4420028010,"1363 N DUENDE LANE",90272,RE15-1-H,"37,579.0 (sq ft)","2,333.0 (sq ft)",1,
4326019029,"1511 S PANDORA AVE",90024,R1-1-O,"7,707.6 (sq ft)","1,912.0 (sq ft)",1,
7411007035,"25823 S SENATOR AVE",90710,[Q]C2-1VL,"7,950.9 (sq ft)","1,440.0 (sq ft)",2,
2272028010,"3624 N GLENRIDGE DR",91423,RE40-1-H,"12,242.6 (sq ft)","2,655.0 (sq ft)",1,
2403011008,"8018 N GLENCREST DR",91352,R1-1,"11,055.7 (sq ft)","1,084.0 (sq ft)",1,
5174009027,"1606 E NEW JERSEY ST",90033,RD1.5-1-RIO-CUGU,"1,258.0 (sq ft)","636.0 (sq ft)",1,
2601065009,"11838 N WOOD RANCH ROAD",91344,RA-1-K,"48,742.6 (sq ft)","4,416.0 (sq ft)",1,
2378029006,"3821 N BERRY DR",91604,R1-1,"7,014.1 (sq ft)","3,669.0 (sq ft)",1,
5474040026,"4343 E TOLAND PL",90041,R1-1-HCR,"4,398.2 (sq ft)","1,735.0 (sq ft)",2,
6003025011,"1208 W 61ST ST",90044,R2-1-CPIO,"6,721.8 (sq ft)","1,592.0 (sq ft)",2,
2226031019,"16818 W WYANDOTTE ST",91406,R1-1,"6,299.8 (sq ft)","1,992.0 (sq ft)",1,
2359006033,"5013 N VENTURA CANYON AVE",91423,R1-1-RIO,"14,993.7 (sq ft)","3,231.0 (sq ft)",1,
2184049001,"18117 W DEER VIEW CT",91316,RA-1,"17,902.1 (sq ft)","3,020.0 (sq ft)",1,
2075012023,"22695 W CRESPI ST",91364,R1-1,"6,229.6 (sq ft)","1,944.0 (sq ft)",1,
2621025012,"9634 N LEV AVE",91331,R1-1,"7,424.6 (sq ft)","1,339.0 (sq ft)",1,
6017025024,"1831 W 78TH PL",90047,R1-1,"6,705.1 (sq ft)","1,663.0 (sq ft)",1,
2181016014,"5002 N NESTLE AVE",91356,R1-1,"6,073.2 (sq ft)","1,925.0 (sq ft)",1,
2322003936,"6738 N BELLINGHAM AVE",91606,R1-1,"6,457.7 (sq ft)","1,181.0 (sq ft)",1,
6121013003,"16932 S MERIT AVE",90247,R1-1,"5,200.4 (sq ft)","1,594.0 (sq ft)",1,
2404012022,"8527 N BLUFFDALE DR",91352,R1-1,"5,982.9 (sq ft)","1,656.0 (sq ft)",1,
5106013015,"4614 S COMPTON AVE",90011,C2-1VL-CPIO,"5,200.8 (sq ft)","2,700.0 (sq ft)",2,
7442003008,"2160 N BARRYWOOD AVE",90731,R1-1XL,"8,161.5 (sq ft)","2,244.0 (sq ft)",1,
2384006011,"12814 W HALKIRK ST",91604,R1-1,"7,499.9 (sq ft)","1,607.0 (sq ft)",1,
2613019013,"11426 N RINCON AVE",91340,R1-1,"2,499.8 (sq ft)","1,963.0 (sq ft)",1,
6017004006,"2126 W FLORENCE AVE",90047,C2-1VL-CPIO,"2,552.3 (sq ft)","589.0 (sq ft)",0,
5480014013,"5830 E BUENA VISTA TER",90042,R1-1-HCR,"4,684.2 (sq ft)","2,648.0 (sq ft)",1,
6067006041,"10812 S WILMINGTON AVE",90059,C2-1VL-CPIO,"3,250.3 (sq ft)","806.0 (sq ft)",1,
2638017017,"8519 N STANSBURY AVE",91402,R1-1,"5,298.8 (sq ft)","1,014.0 (sq ft)",1,
2602011018,"17253 W BOSWELL PL",91344,RS-1,"7,501.1 (sq ft)","2,422.0 (sq ft)",1,
4244005002,"12906 W WARREN AVE",90066,R1V2,"6,050.2 (sq ft)","2,267.0 (sq ft)",1,
5069021014,"1631 S CURSON AVE",90019,R1V3-RG-O,"3,076.2 (sq ft)","978.0 (sq ft)",1,
5101036019,"330 W 54TH ST",90037,RD2-1,"5,440.3 (sq ft)","1,344.0 (sq ft)",1,
2784021002,"19246 W NAPA ST",91324,RS-1,"7,865.0 (sq ft)","1,744.0 (sq ft)",1,
2121028003,"7043 N JAMIESON AVE",91335,R1-1,"6,722.2 (sq ft)","833.0 (sq ft)",1,
2280006033,"15737 W ROYAL RIDGE ROAD",91403,RE15-1-H,"30,896.0 (sq ft)","4,777.0 (sq ft)",1,
5586001018,"2103 N ALCYONA DR",90068,R1-1-HCR,"6,422.9 (sq ft)","3,973.0 (sq ft)",2,
5050012011,"2818 3/4 S WEST BLVD",90016,R3-1,"7,754.5 (sq ft)","2,812.0 (sq ft)",5,
5082002012,"1057 S LE CLAIRE PL",90019,R1-1-O,"5,844.7 (sq ft)","1,889.0 (sq ft)",1,
5007023021,"5718 S HILLCREST DR",90043,R1-1,"6,999.8 (sq ft)","1,533.0 (sq ft)",1,
5029008019,"3831 S DUNSMUIR AVE",90008,R1-1,"7,069.7 (sq ft)","1,106.0 (sq ft)",1,
5457019016,"2737 W MOSS AVE",90065,R1-1-CDO,"7,499.9 (sq ft)","1,463.0 (sq ft)",1,
5180011032,"2630 E 1ST ST",90033,[Q]C2-1-CUGU,"5,366.3 (sq ft)","1,487.0 (sq ft)",2,
2782024016,"8831 N JUMILLA AVE",91324,RS-1,"8,361.8 (sq ft)","1,465.0 (sq ft)",1,
5107013019,"4727 S COMPTON AVE",90011,C2-1VL-CPIO,"2,374.4 (sq ft)","1,100.0 (sq ft)",1,
2286003027,"3838 N BALLINA CANYON ROAD",91436,RE15-1-H,"18,290.8 (sq ft)","3,483.0 (sq ft)",1,
2538027005,"11254 W SHELDON ST",91352,RA-1-K-HPOZ,"20,014.1 (sq ft)","1,032.0 (sq ft)",1,
2608022010,"12422 N EL ORO WAY",91344,RS-1,"10,686.4 (sq ft)","1,040.0 (sq ft)",1,
2601059016,"17837 W ARVIDA DR",91344,RE11-1-H-O,"12,133.3 (sq ft)","2,684.0 (sq ft)",1,
2126026011,"6838 N GEYSER AVE",91335,R1-1-RIO,"6,746.2 (sq ft)","818.0 (sq ft)",1,
5423030042,"2205 W EDENDALE LANE",90026,[Q]CM-1VL,"989.3 (sq ft)","1,307.0 (sq ft)",1,
5046007021,"4211 W EXPOSITION BLVD",90016,R3-1,"5,406.7 (sq ft)","1,302.0 (sq ft)",1,
5006029034,"5417 S 4TH AVE",90043,R1-1,"5,400.0 (sq ft)","1,192.0 (sq ft)",1,
2386008003,"3576 N DIXIE CANYON AVE",91423,RE15-1-H,"34,935.5 (sq ft)","2,425.0 (sq ft)",1,
7451026016,"670 W 5TH ST",90731,RD1.5-1XL-CPIO,"5,000.6 (sq ft)","1,088.0 (sq ft)",1,
2175019031,"4938 N HOOD DR",91364,RA-1,"19,615.8 (sq ft)","5,075.0 (sq ft)",1,
2319012016,"6645 N FAIR AVE",91606,R1-1,"5,569.6 (sq ft)","842.0 (sq ft)",1,
6053013034,"229 1/2 W 98TH ST",90003,R2-1,"4,550.3 (sq ft)","732.0 (sq ft)",1,
2568015017,"7023 W GREELEY ST",91042,RD1.5-1,"7,054.9 (sq ft)","3,700.0 (sq ft)",4,
4494012012,"701 N BONHILL ROAD",90049,RA-1,"26,146.3 (sq ft)","7,525.0 (sq ft)",1,
2530039028,"11346 W GOLETA ST",91342,R1-1,"5,391.3 (sq ft)","1,860.0 (sq ft)",1,
5689004035,,,R1-1-HCR,"689.4 (sq ft)",,,
5440011028,"2446 N MCCREADY AVE",90039,R2-1VL,"2,600.0 (sq ft)","1,172.0 (sq ft)",1,
2310002015,"8207 N AGNES AVE",91605,R1-1-CUGU,"6,049.3 (sq ft)","1,120.0 (sq ft)",1,
4251016014,"3219 S BENTLEY AVE",90034,R1-1,"8,543.8 (sq ft)","1,902.0 (sq ft)",1,
4254015008,"3244 S MIDVALE AVE",90034,R1-1,"5,939.4 (sq ft)","2,537.0 (sq ft)",1,
5062013013,"2250 S SYCAMORE AVE",90016,RD2-1,"6,000.1 (sq ft)","1,565.0 (sq ft)",1,
4113011009,"8040 S FORDHAM ROAD",90045,R1-1,"6,253.3 (sq ft)","2,036.0 (sq ft)",1,
5050006038,"2432 S WEST BLVD",90016,R2-1,"3,818.1 (sq ft)","1,056.0 (sq ft)",1,
4314017009,"3459 S MOTOR AVE",90034,MU(EC),"1,503.9 (sq ft)","2,622.0 (sq ft)",1,
5301027008,"4622 N COLLIS AVE",90032,[Q]R1-1D-HCR,"7,513.8 (sq ft)","2,213.0 (sq ft)",1,
5106007005,"4508 S LONG BEACH AVE EAST",90058,M2-2-CPIO,"6,550.5 (sq ft)","1,005.0 (sq ft)",1,
2356008020,"12145 W RIVERSIDE DR",91607,[Q]C2-1VL,"6,247.7 (sq ft)","3,599.0 (sq ft)",0,
5040019012,"1284 W JEFFERSON BLVD",90007,R3-1-CPIO,"6,619.6 (sq ft)","6,280.0 (sq ft)",9,
6017018016,"1939 W 77TH ST",90047,R1-1,"6,700.4 (sq ft)","1,340.0 (sq ft)",1,
2535024011,"13178 W HOYT ST",91331,R1-1-O-CUGU,"3,553.6 (sq ft)","994.0 (sq ft)",1,
7414037006,"1225 W DOLORES ST",90744,R1-1XL-CUGU,"6,045.7 (sq ft)","1,430.0 (sq ft)",1,
2260010037,"16242 W HUSTON ST",91436,RE9-1,"10,828.8 (sq ft)","3,517.0 (sq ft)",1,
6041012008,"8855 S SAN PEDRO ST",90003,RD2-1,"2,570.8 (sq ft)","803.0 (sq ft)",1,
2627022003,"13141 W TONOPAH ST",91331,R1-1,"6,018.6 (sq ft)","1,636.0 (sq ft)",1,
2582031026,"14100 N BERMAX AVE",91342,RE11-1,"12,750.1 (sq ft)","1,571.0 (sq ft)",1,
2355006035,"11849 W HARTSOOK ST",91607,R1-1,"7,799.8 (sq ft)","1,714.0 (sq ft)",1,
5034018026,"3901 S 2ND AVE",90008,R1-1,"6,500.1 (sq ft)","1,801.0 (sq ft)",1,
6050011030,"859 E 95TH ST",90002,R1-1,"4,849.1 (sq ft)","1,468.0 (sq ft)",1,
5485009022,"5608 E STRATFORD ROAD",90042,R1-1,"1,512.0 (sq ft)","720.0 (sq ft)",1,
5474001023,"1723 N CAMPUS ROAD",90032,R1-1,"10,111.8 (sq ft)","3,511.0 (sq ft)",1,
2304017007,"13038 W LORNE ST",91605,RS-1,"7,482.5 (sq ft)","1,036.0 (sq ft)",1,
5147023023,"607 E 6TH ST",90021,"[MB2-SH1-5] [IX1-FA] [CPIO]","3,148.1 (sq ft)","2,790.0 (sq ft)",0,
4220016018,"11939 W JEFFERSON BLVD",90230,R3-1,"2,500.1 (sq ft)","1,140.0 (sq ft)",2,
4258012006,"2726 S COOLIDGE AVE",90064,R1V2,"5,304.1 (sq ft)","1,574.0 (sq ft)",1,
4108020011,"6357 W 85TH PL",90045,R1V2,"6,031.3 (sq ft)","2,970.0 (sq ft)",1,
5217004022,"2745 N CHADWICK CIR",90032,[Q]R1-1D-HCR,"8,204.3 (sq ft)","1,410.0 (sq ft)",1,
5527004014,"7755 W WARING AVE",90046,R2-1XL,"4,891.5 (sq ft)","2,419.0 (sq ft)",3,
2611011008,"12048 N BUCKEYE AVE",91342,RS-1,"7,480.0 (sq ft)","1,561.0 (sq ft)",1,
5082001011,"1051 S QUEEN ANNE PL",90019,R1-1-O,"6,855.7 (sq ft)","2,988.0 (sq ft)",1,
5017011006,"4927 S BUDLONG AVE",90037,R1R3-CPIO,"6,489.0 (sq ft)","2,380.0 (sq ft)",1,
2547025004,"10652 N VANORA DR",91040,R1-1,"6,037.8 (sq ft)","1,355.0 (sq ft)",1,
2369023001,"3809 N BUENA PARK DR",91604,R1-1,"8,714.1 (sq ft)","1,853.0 (sq ft)",1,
5190007006,"1111 S EVERGREEN AVE",90023,R2-1-CUGU,"4,911.7 (sq ft)","984.0 (sq ft)",1,
2569021033,"10278 N HAINES CANYON AVE",91042,RE40-1-K,"17,305.8 (sq ft)","1,434.0 (sq ft)",1,
2122010019,"6917 N HESPERIA AVE",91335,R1-1,"6,498.9 (sq ft)","902.0 (sq ft)",1,
5088019003,"961 S CARMEL WAY",90048,[Q]R3-1-O-HPOZ,"6,032.3 (sq ft)","3,430.0 (sq ft)",2,
5089021017,"841 S CLOVERDALE AVE",90036,R1-1-HPOZ,"6,695.8 (sq ft)","1,670.0 (sq ft)",1,
4306006008,"1468 S GLENVILLE DR",90035,R1V2-O,"6,753.1 (sq ft)","1,917.0 (sq ft)",1,
5544002017,,,RD1.5-1XL,"772.5 (sq ft)","2,220.0 (sq ft)",1,
5305022012,"3165 N PYRITES ST",90032,[Q]R1-1D-HCR,"4,148.2 (sq ft)","880.0 (sq ft)",1,
5466021010,"4648 N GLENALBYN DR",90065,R1-1-HCR,"2,942.2 (sq ft)","1,611.0 (sq ft)",1,
2701041010,"20116 W VIA MEDICI",91326,RE11-1-H,"18,415.3 (sq ft)","4,721.0 (sq ft)",1,
4001028005,"6258 S LA TIJERA BLVD",90056,R3-1XL,"10,413.9 (sq ft)","2,743.0 (sq ft)",3,
4239010016,"907 S 5TH AVE",90291,RD1.5-1,"1,045.7 (sq ft)","1,066.0 (sq ft)",1,
4019007006,"4112 W 58TH PL",90043,R1-1-O,"5,378.2 (sq ft)","1,244.0 (sq ft)",1,
5185008025,,,C1-1-CUGU,"2,800.0 (sq ft)","1,038.0 (sq ft)",2,
7563012002,"2506 S GRAYSBY AVE",90732,R1-1XL,"5,436.8 (sq ft)","1,297.0 (sq ft)",1,
2014032046,"7731 N JUSTIN CT",91304,RS-1,"10,642.8 (sq ft)","2,584.0 (sq ft)",1,
5115017021,"887 1/2 E 43RD ST",90011,R2-1,"5,160.1 (sq ft)","2,102.0 (sq ft)",2,
7349018028,"1539 W 214TH ST",90501,R1-1,"6,000.7 (sq ft)","1,448.0 (sq ft)",1,
5427024006,"1444 1/2 N EDGECLIFFE DR",90026,RD1.5-1VL,"7,353.9 (sq ft)","4,212.0 (sq ft)",4,
2410016014,"10855 W CANTLAY ST",91352,R1-1,"6,299.8 (sq ft)","1,148.0 (sq ft)",1,
6018026025,"7843 S BRIGHTON AVE",90047,R1-1,"5,199.7 (sq ft)","1,108.0 (sq ft)",1,
6041015005,"8709 1/2 S SAN PEDRO ST",90003,C2-1VL-CPIO,"2,523.4 (sq ft)","2,177.0 (sq ft)",2,
5431023019,"3042 W LANDA ST",90039,R1-1VL,"7,493.7 (sq ft)","3,396.0 (sq ft)",1,
5406010064,"1454 W SCOTT AVE",90026,RD2-1VL,"2,174.0 (sq ft)",,,
5206019041,"501 E AVE 28",90031,[Q]R2-1D-HCR,"6,472.9 (sq ft)","1,551.0 (sq ft)",1,
4247008025,"12819 W STANWOOD DR",90066,R1V2,"5,500.1 (sq ft)","1,108.0 (sq ft)",1,
2375001079,"13255 W BLOOMFIELD ST",91423,R1-1-RIO,"7,895.8 (sq ft)","1,492.0 (sq ft)",1,
5214004027,"4361 E OTERO DR",90032,[Q]R1-1D-HCR,"3,750.8 (sq ft)",,,
7425012038,,,R1-1XL-O-CUGU,"7,545.1 (sq ft)","1,692.0 (sq ft)",1,
2309023005,"7925 N VANTAGE AVE",91605,RS-1,"7,668.3 (sq ft)","1,028.0 (sq ft)",1,
5523013016,"627 N GOWER ST",90004,R1R3-RG,"5,621.7 (sq ft)","1,582.0 (sq ft)",1,
2688028048,"8821 N MCLENNAN AVE",91343,RS-1,"8,202.0 (sq ft)","2,240.0 (sq ft)",1,
6022027019,"7806 1/2 S CROCKER ST",90003,RD1.5-1,"6,137.4 (sq ft)","820.0 (sq ft)",1,
5513002032,"7114 W BEVERLY BLVD",90036,C2-1LD,"6,000.0 (sq ft)","30,495.0 (sq ft)",0,
2209002015,"15223 W BURTON ST",91402,R1-1,"6,557.5 (sq ft)","1,222.0 (sq ft)",1,
7467020016,"670 W 39TH ST",90731,R2-1XL,"6,101.7 (sq ft)","4,154.0 (sq ft)",4,
2733021003,"10527 N ANDASOL AVE",91344,R1-1XL-RFA,"6,749.5 (sq ft)","1,936.0 (sq ft)",1,
4263019014,"1440 1-9 S BARRY AVE",90025,[Q]R3-1,"7,000.2 (sq ft)","7,456.0 (sq ft)",9,
6070016002,"11406 S CENTRAL AVE",90059,C2-2D-CPIO,"2,648.8 (sq ft)",,,
2239022012,"13830 W BESSEMER ST",91401,[Q]RD2-1,"6,784.0 (sq ft)","1,198.0 (sq ft)",1,
4220001039,"11861 S BEATRICE ST",90230,R1-1,"5,750.3 (sq ft)","815.0 (sq ft)",1,
2507012012,"14466 W BEAVER ST",91342,R1-1,"6,171.3 (sq ft)","997.0 (sq ft)",1,
5436026022,"3455 W GARDEN AVE",90039,R1-1-RIO,"6,756.3 (sq ft)","1,871.0 (sq ft)",1,
2255004015,"5901 N WISH AVE",91316,R1-1-RIO,"6,000.4 (sq ft)","1,598.0 (sq ft)",1,
5221012021,"2340 N VANDALIA AVE",90032,RD1.5-1,"4,805.8 (sq ft)","1,953.0 (sq ft)",1,
2696016010,"17100 W SAN FERNANDO MISSION BLVD",91344,R1-1,"7,590.3 (sq ft)","1,292.0 (sq ft)",1,
2676022001,"9226 N HAYVENHURST AVE",91343,RS-1,"6,830.6 (sq ft)","1,738.0 (sq ft)",1,
4320001009,"2282 S WESTWOOD BLVD",90064,C4-1VL-POD,"6,750.1 (sq ft)","6,480.0 (sq ft)",0,
5453006035,"2646 E THORPE AVE",90065,R1-1-CDO-RIO,"4,000.0 (sq ft)","854.0 (sq ft)",1,
2289008022,"17063 W RANCHO ST",91316,RA-1,"17,631.3 (sq ft)","4,267.0 (sq ft)",1,
6074003018,"221 W 104TH ST",90003,R2-1,"5,400.3 (sq ft)","1,890.0 (sq ft)",2,
7445017044,"1130 W VIA FRANCISCA",90732,R1-1XL,"10,177.3 (sq ft)","1,920.0 (sq ft)",1,
6031004026,"329 W 74TH ST",90003,R2-1,"5,608.3 (sq ft)","522.0 (sq ft)",1,
2692013016,"17154 W MARILLA ST",91325,RA-1-H,"18,896.7 (sq ft)","4,762.0 (sq ft)",1,
4431028011,"1309 N PIEDRA MORADA DR",90272,RE15-1-H,"16,538.6 (sq ft)","6,513.0 (sq ft)",1,
5436029037,"3165 W GARDEN AVE",90039,R1-1-RIO,"6,078.4 (sq ft)","717.0 (sq ft)",1,
4211004085,"6510 W RIGGS PL",90045,R1V2,"6,215.1 (sq ft)","3,039.0 (sq ft)",1,
5466013004,"619 N DIMMICK DR",90065,R1-1-HCR,"2,955.8 (sq ft)",,,
2235016027,"14944 W KITTRIDGE ST",91405,R1-1,"6,982.5 (sq ft)","1,322.0 (sq ft)",1,
5069001005,"5772 W PICO BLVD",90019,C4-1-O,"4,999.2 (sq ft)","4,089.0 (sq ft)",0,
2040012013,"22708 W BURBANK BLVD",91367,R1-1,"6,748.3 (sq ft)","1,230.0 (sq ft)",1,
4305018013,"8854 W HORNER ST",90035,R1V2-O,"6,568.2 (sq ft)","2,066.0 (sq ft)",1,
6018021021,"7623 S DALTON AVE",90047,R1-1,"5,400.2 (sq ft)","1,232.0 (sq ft)",1,
2415025021,"5709 1-3 N AUCKLAND AVE",91601,[Q]C2-1XL,"6,214.0 (sq ft)","1,222.0 (sq ft)",1,
4358014015,"1161 N HILARY LANE",90210,RE15-1-HCR,"13,114.4 (sq ft)","7,037.0 (sq ft)",0,
4223002008,"12906 W GILMORE AVE",90066,R1-1,"6,497.0 (sq ft)","1,075.0 (sq ft)",1,
2283011019,"16024 W VENTURA BLVD",91436,C4-1L,"44,599.6 (sq ft)","156,020.0 (sq ft)",0,
4251026021,"3431 S MILITARY AVE",90034,R1-1,"5,414.5 (sq ft)","3,680.0 (sq ft)",1,
7469013018,"3153 S ALMERIA ST",90731,R1-1XL,"6,250.6 (sq ft)","1,042.0 (sq ft)",1,
5305032018,"4558 E BERYL ST",90032,RD3-1,"6,273.9 (sq ft)","1,064.0 (sq ft)",1,
2564022023,,,RE15-1,"22,215.0 (sq ft)","1,263.0 (sq ft)",1,
2242004003,"6339 N ORION AVE",91411,RE11-1-RIO,"14,793.9 (sq ft)","2,540.0 (sq ft)",1,
5041036020,"1718 1/2 W 37TH DR",90018,R2-1-O-CPIO,"5,842.1 (sq ft)","3,896.0 (sq ft)",4,
2560021006,"10227 N WESCOTT AVE",91040,R1-1-RFA,"6,086.7 (sq ft)","1,825.0 (sq ft)",1,
2642030004,"14111 W NORDHOFF ST",91331,RA-1,"25,647.2 (sq ft)","2,613.0 (sq ft)",1,
6012010034,"107 W 71ST ST",90003,C2-1VL-CPIO,"5,732.8 (sq ft)","5,370.0 (sq ft)",11,
5180021014,"148 S SAVANNAH ST",90033,R2-1-CUGU,"2,000.0 (sq ft)","2,540.0 (sq ft)",2,
2604037008,"12707 N TELFAIR AVE",91342,RS-1-K,"40,939.4 (sq ft)","1,529.0 (sq ft)",1,
5077028006,"2720 W JAMES M. WOOD BLVD",90006,R4-1,"6,770.8 (sq ft)","4,428.0 (sq ft)",4,
2172019041,"4205 N ELZEVIR ROAD",91364,R1-1,"4,275.0 (sq ft)","918.0 (sq ft)",1,
2258012008,"17129 W VENTURA BLVD",91316,P-1VL,"16,853.9 (sq ft)",,,
5434017025,"3121 W WAVERLY DR",90027,RE9-1-RIO,"24,388.4 (sq ft)","3,093.0 (sq ft)",1,
7422013005,"1739 N BANNING BLVD",90744,R1-1XL-O-CUGU,"5,430.2 (sq ft)","874.0 (sq ft)",1,
7414018013,"1206 W CHANDLER ST",90744,R1-1XL-CUGU,"7,007.2 (sq ft)","1,352.0 (sq ft)",1,
5581015012,"6109 W MULHOLLAND HWY",90068,RE9-1-HCR,"7,051.3 (sq ft)","3,419.0 (sq ft)",1,
5016029008,"1502 W 49TH ST",90062,R1-1,"5,771.4 (sq ft)","2,170.0 (sq ft)",1,
5453002029,"2624 E ALICE ST",90065,RD3-1-CDO-RIO,"6,480.3 (sq ft)","940.0 (sq ft)",1,
5033020005,"4000 S OLMSTED AVE",90008,R1-1,"6,123.0 (sq ft)","2,013.0 (sq ft)",1,
5101033013,"5300 S BROADWAY",90037,C2-1VL-CPIO,"5,748.0 (sq ft)","423.0 (sq ft)",1,
7416025011,"818 N BAY VIEW AVE",90744,[Q]RD1.5-1XL-O-CUGU,"7,513.5 (sq ft)","1,683.0 (sq ft)",1,
5405009034,"953 N KENSINGTON ROAD",90026,R2-1VL-HPOZ,"6,709.6 (sq ft)","2,434.0 (sq ft)",2,
5435005032,"3817 1/2 W REVERE AVE",90039,R1-1-RIO,"5,399.9 (sq ft)","1,536.0 (sq ft)",1,
5045019023,"3866 S VICTORIA AVE",90008,R1-1,"8,216.4 (sq ft)","1,812.0 (sq ft)",1,
5477027043,"633 N MILO TER",90042,R1-1-HCR,"4,870.1 (sq ft)","1,273.0 (sq ft)",1,
2545006023,"9724 W SOMBRA VALLEY DR",91040,RE40-1-K,"14,193.1 (sq ft)","1,662.0 (sq ft)",1,
5685007022,"1947 W ADDISON WAY",90041,R1-1,"4,064.6 (sq ft)","1,084.0 (sq ft)",1,
4306023030,"9623 W KIRKSIDE ROAD",90035,R1V2-O,"6,971.9 (sq ft)","2,006.0 (sq ft)",1,
4228008024,,,R1-1,"7,229.2 (sq ft)","3,005.0 (sq ft)",1,
4257021042,"2464 S WELLESLEY AVE",90064,R1-1,"5,371.4 (sq ft)","1,495.0 (sq ft)",1,
5075008030,"1325 S KENMORE AVE",90006,R3-1,"3,315.0 (sq ft)","894.0 (sq ft)",1,
5309002028,"5209 E ALMONT ST",90032,[Q]R1-1D-HCR,"5,320.5 (sq ft)",,,
5021010023,"4213 S HARVARD BLVD",90062,R1-1,"5,724.6 (sq ft)","1,149.0 (sq ft)",1,
5436017005,"3338 W PERLITA AVE",90039,R1-1-RIO,"6,749.7 (sq ft)","2,036.0 (sq ft)",1,
5535007011,"5363 W LEMON GROVE AVE",90038,R2-1XL,"8,194.1 (sq ft)","2,374.0 (sq ft)",1,
5312021057,"751 E MILFORD ST",90042,[Q]R1-1D-HCR,"4,557.3 (sq ft)","2,966.0 (sq ft)",1,
2243002017,,,CM-1L-RIO,"3,472.2 (sq ft)","17,440.0 (sq ft)",1,
2424002017,"10507 W MOORPARK ST",91602,RD1.5-1-RIO,"6,500.0 (sq ft)","1,460.0 (sq ft)",1,
2128030005,"6207 N SYLVIA AVE",91335,R1-1-RIO,"7,199.8 (sq ft)","1,439.0 (sq ft)",1,
5047003011,"5616 W BOWESFIELD ST",90016,R1-1,"6,600.1 (sq ft)","3,803.0 (sq ft)",1,
7420014032,"1207 N NEPTUNE AVE",90744,R1-1XL-O-CUGU,"2,250.3 (sq ft)","1,880.0 (sq ft)",1,
4257015050,"12051 W NATIONAL BLVD",90064,R1V2,"7,335.5 (sq ft)","922.0 (sq ft)",1,
4125003024,"8311 S WINSFORD AVE",90045,R2-1,"5,949.5 (sq ft)","1,117.0 (sq ft)",1,
2692010024,"17121 W GLEDHILL ST",91325,RE11-1,"11,706.5 (sq ft)","2,603.0 (sq ft)",1,
2381025010,"3123 N DONA ELENA PL",91604,RE15-1-H,"9,137.8 (sq ft)","2,956.0 (sq ft)",1,
2024001048,"22058 W SHERMAN WAY",91303,C2-1VL-RIO,"8,953.3 (sq ft)","15,000.0 (sq ft)",0,
5006026045,"2710 1/2 W 54TH ST",90043,C2-1VL-CPIO,"2,375.0 (sq ft)","2,160.0 (sq ft)",2,
5040008022,"1342 W 36TH ST",90007,RD1.5-1-CPIO,"6,800.0 (sq ft)","786.0 (sq ft)",1,
2538017022,"11045 W FENWAY ST",91352,RA-1-K,"9,063.2 (sq ft)","1,680.0 (sq ft)",1,
2718003011,"11113 N BECKFORD AVE",91326,RS-1,"7,655.1 (sq ft)","2,274.0 (sq ft)",1,
2786023014,"18419 W CHASE ST",91325,R1-1,"6,959.8 (sq ft)","1,856.0 (sq ft)",1,
5529023017,"927 N LAUREL AVE",90046,R1-1,"6,159.9 (sq ft)","3,483.0 (sq ft)",1,
2512006040,"13208 W FERNMONT ST",91342,RS-1,"7,511.3 (sq ft)","1,188.0 (sq ft)",1,
5108023013,"911 E 48TH ST",90011,R2-1,"7,411.8 (sq ft)","1,390.0 (sq ft)",2,
4415004006,"16751 W SUNSET BLVD",90272,R1-1,"5,530.8 (sq ft)","1,804.0 (sq ft)",1,
2367012002,"4152 N SHADYGLADE AVE",91604,R1-1-RIO,"6,499.9 (sq ft)","5,018.0 (sq ft)",1,
5147031019,,,"[MB2-SH1-5] [IX1-FA] [CPIO]","1,250.9 (sq ft)","5,800.0 (sq ft)",0,
2174025021,"4526 N TENANGO DR",91364,RA-1,"19,684.5 (sq ft)","2,695.0 (sq ft)",1,
5570018016,"7990 W MULHOLLAND DR",90046,RE15-1-H-HCR,"13,858.9 (sq ft)","3,120.0 (sq ft)",1,
4252031030,"3659 S OVERLAND AVE",90034,R4-1,"5,755.2 (sq ft)","5,420.0 (sq ft)",14,
6057018030,"2051 W 96TH ST",90047,R1-1,"5,088.9 (sq ft)","1,003.0 (sq ft)",1,
2365011001,"4458 N FARMDALE AVE",91602,R1-1-RIO,"6,732.9 (sq ft)","1,282.0 (sq ft)",1,
4306022019,"9355 W KIRKSIDE ROAD",90035,R1V2,"6,249.0 (sq ft)","4,768.0 (sq ft)",1,
2305037037,"7916 N COLDWATER CANYON AVE",91605,R1-1,"6,299.8 (sq ft)","1,659.0 (sq ft)",1,
5587009010,"5767 W VALLEY OAK DR",90068,RE9-1D-HCR,"3,854.2 (sq ft)",,,
5040003007,"1361 W 35TH ST",90007,RD1.5-1-CPIO,"6,854.4 (sq ft)","4,435.0 (sq ft)",2,
2505008003,"14712 W LAKESIDE ST",91342,R1-1,"7,141.9 (sq ft)","1,104.0 (sq ft)",1,
5455006037,"1729 N KILBOURN ST",90065,R1-1-HCR,"4,000.0 (sq ft)","1,102.0 (sq ft)",1,
4360017036,"845 S THAYER AVE",90024,R1-1,"8,763.7 (sq ft)","4,030.0 (sq ft)",1,
6042019018,"810 E 88TH ST",90002,R2-1,"5,159.4 (sq ft)","1,312.0 (sq ft)",1,
2638025009,"8338 N LULLABY LANE",91402,R1-1,"5,987.7 (sq ft)","1,454.0 (sq ft)",1,
5402004018,"736 1/2 N LA FAYETTE PARK PL",90026,R2-1VL,"6,900.0 (sq ft)","1,266.0 (sq ft)",1,
4108014019,"6537 W 85TH ST",90045,R1V2,"6,092.5 (sq ft)","1,122.0 (sq ft)",1,
4365003018,"140 S GUNSTON DR",90049,RE11-1,"14,363.2 (sq ft)","2,344.0 (sq ft)",1,
2023004019,"22029 W VALERIO ST",91303,R1-1,"6,785.4 (sq ft)","1,654.0 (sq ft)",1,
5484021019,"5809 E MONTE VISTA ST",90042,RD1.5-1-HPOZ,"20,006.3 (sq ft)","3,240.0 (sq ft)",5,
5432002026,"2440 N HYPERION AVE",90027,[Q]C2-1VL,"2,753.7 (sq ft)","2,340.0 (sq ft)",0,
4261009033,"11330 W SANTA MONICA BLVD",90025,C2-1VL,"4,125.0 (sq ft)","11,516.0 (sq ft)",1,
5205021025,"2675 N WORKMAN ST",90031,[Q]C4-1XL-CDO,"4,676.7 (sq ft)","2,427.0 (sq ft)",0,
2228014016,"7268 N ANDASOL AVE",91406,R1-1,"5,850.2 (sq ft)","1,071.0 (sq ft)",1,
2107019093,"20223 W BLYTHE ST",91306,R1-1,"6,349.7 (sq ft)","1,742.0 (sq ft)",1,
4405037027,"244 S MEDIO DR",90049,R1-1,"7,515.3 (sq ft)","4,664.0 (sq ft)",1,
2532023001,"11338 N DRONFIELD AVE",91331,RS-1-CUGU,"8,192.0 (sq ft)","2,874.0 (sq ft)",1,
2230006023,"16943 W SCHOOLCRAFT ST",91406,R1-1,"6,419.7 (sq ft)","1,336.0 (sq ft)",1,
6002025024,"1429 W 62ND ST",90047,R1-1,"5,352.9 (sq ft)","1,233.0 (sq ft)",1,
4309005022,"2348 S BEVERWIL DR",90034,R1V2-O,"5,312.0 (sq ft)","4,177.0 (sq ft)",1,
4366030013,"427 S DENSLOW AVE",90049,R1-1,"7,725.4 (sq ft)","2,524.0 (sq ft)",1,
7414012017,"1627 N RONAN AVE",90744,R1-1XL-O-CUGU,"4,860.7 (sq ft)","1,257.0 (sq ft)",1,
2135036026,"20156 W BASSETT ST",91306,RS-1-RIO,"7,751.5 (sq ft)","1,529.0 (sq ft)",1,
4211019052,"6829 W ALTAMOR DR",90045,R1V2,"6,668.6 (sq ft)","3,668.0 (sq ft)",1,
2166008007,"5140 N QUAKERTOWN AVE",91364,RA-1,"21,078.6 (sq ft)","2,894.0 (sq ft)",1,
6006002012,"5872 S WOODLAWN AVE",90003,R3-1-CPIO,"5,160.3 (sq ft)","432.0 (sq ft)",1,
5023017029,"4318 S 7TH AVE",90008,R1-1,"4,435.3 (sq ft)","1,215.0 (sq ft)",1,
2701062011,"20212 W VIA MADRIGAL",91326,RE11-1-H,"12,717.7 (sq ft)","5,210.0 (sq ft)",1,
4108008016,"6471 W 83RD ST",90045,R1V2,"6,112.2 (sq ft)","1,726.0 (sq ft)",1,
5046028009,"3693 S VIRGINIA ROAD",90016,R1-1,"6,239.9 (sq ft)","1,564.0 (sq ft)",1,
4327017003,"10332 W EASTBORNE AVE",90024,R1V3-O,"8,040.4 (sq ft)","1,924.0 (sq ft)",1,
4242028015,"2243 S GLYNDON AVE",90291,R1V2,"5,850.3 (sq ft)","1,761.0 (sq ft)",1,
2557026032,"7751 W SUMMITROSE ST",91042,R1-1VL-RFA,"4,025.0 (sq ft)","948.0 (sq ft)",1,
4240007031,"233 S 5TH AVE",90291,RD2-1,"4,130.4 (sq ft)","1,242.0 (sq ft)",1,
2036021038,"23325 W WELBY WAY",91307,RS-1,"7,259.8 (sq ft)","1,250.0 (sq ft)",1,
2527005013,"11870 N SPROULE AVE",91331,R1-1-CUGU,"7,352.4 (sq ft)","1,075.0 (sq ft)",1,
5059016026,"2528 S 8TH AVE",90018,R1-1-O-HPOZ,"8,466.3 (sq ft)","2,056.0 (sq ft)",1,
6069010025,"1629 E 111TH ST",90059,R2-1,"8,617.7 (sq ft)","1,753.0 (sq ft)",1,
5523018023,"5404 W ROSEWOOD AVE",90004,R1R3-RG,"7,870.3 (sq ft)","1,209.0 (sq ft)",1,
7415024002,"1106 N RONAN AVE",90744,R1-1XL-O-CUGU,"7,113.0 (sq ft)","884.0 (sq ft)",1,
2225013019,"6930 N PETIT AVE",91406,R1-1,"10,712.0 (sq ft)","2,665.0 (sq ft)",1,
2180004019,"3970 N TARRYBRAE TER",91356,RA-1-H,"15,251.9 (sq ft)","3,023.0 (sq ft)",1,
2616007004,"11029 N LAUREL CANYON BLVD",91340,R1-1,"6,359.6 (sq ft)","1,324.0 (sq ft)",1,
2175001003,"5101 N VANALDEN AVE",91356,RA-1,"22,044.1 (sq ft)","3,155.0 (sq ft)",1,
5472003070,"1477 W AVENUE 43",90065,RE11-1-HCR,"3,908.9 (sq ft)","2,646.0 (sq ft)",1,
5055017022,"1338 1/2 W 23RD ST",90007,[Q]RD2-1XL-HPOZ,"5,884.2 (sq ft)","4,030.0 (sq ft)",4,
5535034012,"803 1/2 N KINGSLEY DR",90029,RD1.5-1XL,"7,311.3 (sq ft)","2,695.0 (sq ft)",2,
6083001003,"11418 S MAIN ST",90061,C2-2D-CPIO,"7,004.1 (sq ft)","4,664.0 (sq ft)",8,
5429010029,"4005 W SUNSET BLVD",90029,[Q]C2-1VL,"2,500.1 (sq ft)","2,208.0 (sq ft)",3,
2184053020,"18440 W ST MORITZ DR",91356,RA-1,"18,039.9 (sq ft)","3,368.0 (sq ft)",1,
4431041008,"1642 S CHASTAIN PKWY EAST",90272,R1-1,"8,161.8 (sq ft)","5,040.0 (sq ft)",1,
2706035007,"21341 W RINALDI ST",91311,RA-1-K,"22,984.8 (sq ft)","2,372.0 (sq ft)",1,
5003005013,"1746 W 51ST PL",90062,R2-1-CPIO,"5,460.3 (sq ft)","1,484.0 (sq ft)",1,
2423011025,"4463 N BELLFLOWER AVE",91602,R1-1-RIO,"3,740.5 (sq ft)","2,495.0 (sq ft)",2,
5072036012,"1412 S 3RD AVE",90019,RD1.5-1-O-CPIO,"5,080.0 (sq ft)","1,248.0 (sq ft)",0,
4252017015,"3578 S GREENFIELD AVE",90034,R1-1,"5,962.9 (sq ft)","2,504.0 (sq ft)",1,
5682020018,"5019 N ELLENWOOD DR",90041,R1-1,"5,998.1 (sq ft)","1,370.0 (sq ft)",1,
5406030028,"1069 W SUNSET BLVD",90012,"[DM1-G1-5] [CX2-FA] [CPIO]","3,509.3 (sq ft)","2,246.0 (sq ft)",0,
2190002042,"4211 N CANOGA DR",91364,R1-1,"5,700.7 (sq ft)","1,632.0 (sq ft)",1,
2275029012,"14315 W MULHOLLAND DR",90077,RE15-1-H,"8,238.3 (sq ft)","1,532.0 (sq ft)",1,
4378013027,"15491 W HAMNER DR",90077,RE15-1-H-HCR,"14,375.9 (sq ft)","3,070.0 (sq ft)",1,
5439029016,"2301 N SILVER LAKE DR",90039,R1-1VL,"5,190.1 (sq ft)","1,913.0 (sq ft)",1,
2266022020,"4118 N DAVANA ROAD",91423,R1-1,"12,490.9 (sq ft)","2,566.0 (sq ft)",1,
5185027025,"656 S MATHEWS ST",90023,R2-1-CUGU,"5,250.1 (sq ft)","839.0 (sq ft)",1,
2531030006,"11952 W HOYT ST",91342,RS-1,"7,531.5 (sq ft)","1,242.0 (sq ft)",1,
6032035037,"8469 S FLOWER ST",90003,C2-1-CPIO,"1,706.1 (sq ft)",,,
2210006008,"14839 W LANARK ST",91402,R1-1,"5,999.8 (sq ft)","1,268.0 (sq ft)",1,
7423028037,"1042 N HYATT AVE",90744,R1-1XL-O-CUGU,"4,694.3 (sq ft)","1,889.0 (sq ft)",1,
2501002022,"15860 W OLDEN ST",91342,P-1,"238,633.6 (sq ft)","140,932.0 (sq ft)",0,
5108020013,"4817 S WADSWORTH AVE",90011,R2-1,"1,400.1 (sq ft)","1,518.0 (sq ft)",2,
5438005010,"2412 W RIVERSIDE DR",90039,R2-1VL,"3,592.4 (sq ft)","2,132.0 (sq ft)",1,
4237006044,"610 E VICTORIA AVE",90291,R2-1,"4,000.8 (sq ft)","2,168.0 (sq ft)",2,
2301001040,"13422 W ROSCOE BLVD",91402,RS-1,"7,507.6 (sq ft)","1,878.0 (sq ft)",1,
5513026009,"246 S MANSFIELD AVE",90036,R2-1,"7,290.5 (sq ft)","4,752.0 (sq ft)",2,
2425011006,"3591 N MULTIVIEW DR",90068,RE40-1-H,"17,357.3 (sq ft)","2,055.0 (sq ft)",1,
2779034006,"8423 N REMMET AVE",91304,RS-1,"7,502.1 (sq ft)","1,778.0 (sq ft)",1,
2047015002,"24131 W MARIANO ST",91367,RE11-1,"11,007.3 (sq ft)","1,976.0 (sq ft)",1,
5405001005,"1446 W SUNSET BLVD",90026,C2-1VL,"6,492.0 (sq ft)","2,364.0 (sq ft)",1,
2701010054,"19610 W TURTLE SPRINGS WAY",91326,RD6-1,"4,897.8 (sq ft)","2,235.0 (sq ft)",1,
2301004005,"13455 W EBELL ST",91402,R1-1,"6,775.1 (sq ft)","1,733.0 (sq ft)",1,
6048012031,"1505 E 103RD ST",90002,C4-2D-CPIO,"22,392.2 (sq ft)","10,604.0 (sq ft)",0,
5002029005,"1120 W 51ST PL",90037,R2-1-CPIO,"4,880.2 (sq ft)","1,128.0 (sq ft)",1,
2419003034,"10924 W OTSEGO ST",91601,[Q]R3-1,"17,414.5 (sq ft)","21,152.0 (sq ft)",21,
4231021025,"4163 S CHASE AVE",90066,R1-1,"5,979.2 (sq ft)","1,210.0 (sq ft)",1,
2316011007,"11470 W SATICOY ST",91605,R1-1,"6,599.8 (sq ft)","1,396.0 (sq ft)",1,
2787034011,"17471 W RAYMER ST",91325,RA-1,"24,939.4 (sq ft)","4,067.0 (sq ft)",1,
2163024002,"5235 N TOPEKA DR",91356,RA-1,"20,068.1 (sq ft)","3,298.0 (sq ft)",1,
4402011002,"165 N SALTAIR AVE",90049,RE15-1,"23,694.2 (sq ft)","6,827.0 (sq ft)",1,
7467023019,"400 W 40TH ST",90731,R1-1XL,"5,203.9 (sq ft)","1,388.0 (sq ft)",1,
5527036025,"367 1-4 N FAIRFAX AVE",90036,C2-1VL,"5,895.4 (sq ft)","8,654.0 (sq ft)",4,
5455002016,"3059 E ISABEL DR",90065,R2-1-HCR,"4,414.0 (sq ft)",,,
2601012057,"17041 W TIMBER RIDGE DR",91344,RS-1-O,"7,662.0 (sq ft)","2,526.0 (sq ft)",1,
5593007004,"4606 W SPERRY ST",90039,M3-1-RIO,"12,251.1 (sq ft)","11,304.0 (sq ft)",0,
5540012003,"4884 W FOUNTAIN AVE",90029,[Q]C4-2D,"2,513.6 (sq ft)","4,236.0 (sq ft)",0,
2369001023,"3945 N RHODES AVE",91604,C2-1VL-RIO,"4,999.9 (sq ft)","3,942.0 (sq ft)",0,
5070007002,"1309 S REDONDO BLVD",90019,R2-1-O,"6,403.6 (sq ft)","1,674.0 (sq ft)",1,
2172033038,"4110 N CARRIZAL ROAD",91364,R1-1,"3,135.3 (sq ft)","2,180.0 (sq ft)",1,
2667008014,"16055 W TULSA ST",91344,RS-1,"7,625.9 (sq ft)","1,270.0 (sq ft)",1,
2543034031,,,RE40-1-K,"22,664.6 (sq ft)","3,980.0 (sq ft)",1,
5577004006,"3535 N WONDER VIEW DR",90068,RE15-1-H-HCR,"15,105.3 (sq ft)","2,331.0 (sq ft)",1,
5046003011,"3510 S WELLINGTON ROAD",90016,RD1.5-1,"5,038.1 (sq ft)","1,967.0 (sq ft)",2,
2513025005,"13172 W FOOTHILL BLVD",91342,RD5-1XL,"6,870.5 (sq ft)","610.0 (sq ft)",1,
2558041024,"7743 1/2 W VALMONT ST",91042,R1-1-RFA,"5,567.9 (sq ft)","1,924.0 (sq ft)",1,
5029005023,"5172 W ORANGE PL",90008,R1-1,"9,130.9 (sq ft)","1,158.0 (sq ft)",1,
5043016016,"5337 W BLACKWELDER ST",90016,RD1.5-1,"4,800.1 (sq ft)",,,
4110016022,"7482 S DENROCK AVE",90045,R1V2,"13,532.9 (sq ft)","1,973.0 (sq ft)",1,
2112005019,"21121 W COHASSET ST",91303,R1-1,"6,209.7 (sq ft)","1,389.0 (sq ft)",1,
5420028002,,,RD1.5-1VL,"379.8 (sq ft)","1,026.0 (sq ft)",1,
5430018014,"3924 W CLAYTON AVE",90027,R1-1,"3,667.8 (sq ft)","2,270.0 (sq ft)",1,
4228004011,"2340 S OCEAN AVE",90291,RD3-1-O,"2,705.3 (sq ft)","768.0 (sq ft)",1,
2237001006,"6722 N VAN NUYS BLVD",91405,[Q]C2-1L-CDO,"9,999.8 (sq ft)","5,733.0 (sq ft)",0,
5523015032,"561 N LUCERNE BLVD",90004,R1R3-RG,"7,005.0 (sq ft)","3,133.0 (sq ft)",1,
2415024010,"5748 N WILLOW CREST AVE",91601,RD1.5-1VL,"5,590.7 (sq ft)","2,148.0 (sq ft)",1,
2695002012,"17068 W CHATSWORTH ST",91344,RD1.5-1,"6,413.6 (sq ft)","1,303.0 (sq ft)",1,
5549026030,"2178 N BROADVIEW TER",90068,R2-1XL,"2,307.0 (sq ft)",,,
4385021025,"13800 W MULHOLLAND DR",90210,RE20-1-H-HCR,"18,852.4 (sq ft)","6,201.0 (sq ft)",1,
4256016038,,,[T][Q]R4-1,"398.9 (sq ft)","15,202.0 (sq ft)",32,
2617004044,"14024 W FILMORE ST",91331,R1-1-O,"7,058.5 (sq ft)","1,432.0 (sq ft)",1,
7442020011,"834 W BARHUGH PL",90731,R1-1XL,"5,100.7 (sq ft)","1,320.0 (sq ft)",1,
5035034007,"1825 W 38TH ST",90062,R1-1,"5,160.1 (sq ft)","1,498.0 (sq ft)",1,
5402034014,"2127 3/4 W SUNSET BLVD",90026,[Q]C2-1VL,"7,512.9 (sq ft)","1,528.0 (sq ft)",0,
4286011014,"924 1-3 S ELECTRIC AVE",90291,RD1.5-1,"4,535.4 (sq ft)","1,721.0 (sq ft)",3,
5088016020,"6279 W DEL VALLE DR",90048,R1-1-O-HPOZ,"7,500.0 (sq ft)","1,974.0 (sq ft)",1,
4326015021,"10674 W ROCHESTER AVE",90024,R1-1-O,"6,500.1 (sq ft)","3,142.0 (sq ft)",1,
5051015027,,,R3-1-O,"432.5 (sq ft)","1,576.0 (sq ft)",1,
5103021017,"851 E 55TH ST",90011,R2-1,"1,400.1 (sq ft)","864.0 (sq ft)",1,
2508019058,"12740 N DE HAVEN AVE",91342,R1-1,"6,744.5 (sq ft)","1,602.0 (sq ft)",1,
2542009008,"10919 W WICKS ST",91040,RA-1-K,"20,043.7 (sq ft)","3,256.0 (sq ft)",1,
5077021031,"2745 W FRANCIS AVE",90005,R4-2,"6,750.0 (sq ft)","2,112.0 (sq ft)",1,
2701040041,"19767 W RINALDI ST",91326,C2-2D,"17,031.1 (sq ft)","5,262.0 (sq ft)",2,
5533026120,"806 N HUDSON AVE",90038,R3-1,"6,815.2 (sq ft)","33,311.0 (sq ft)",23,
2276005036,"4466 N NOBLE AVE",91403,RD1.5-1,"4,899.9 (sq ft)","47,576.0 (sq ft)",0,
2620002016,"10706 N ILEX AVE",91331,R1-1-O-CUGU,"7,124.6 (sq ft)","900.0 (sq ft)",1,
2623020021,"13091 W KELOWNA ST",91331,R1-1-CUGU,"5,998.7 (sq ft)","795.0 (sq ft)",1,
5486006021,"6005 E DELPHI ST",90042,R1-1-HCR,"4,282.9 (sq ft)","1,152.0 (sq ft)",1,
5220019018,"2940 N HOLLISTER AVE",90032,R1-1,"5,647.2 (sq ft)","1,211.0 (sq ft)",1,
5131016015,"1050 E 22ND ST",90011,[Q]R4-1,"5,792.2 (sq ft)","3,788.0 (sq ft)",2,
4377037014,"10860 W VIA VERONA",90077,RE15-1-H-HCR,"12,520.6 (sq ft)","3,592.0 (sq ft)",1,
2707001047,"20508 W EDGEWOOD CT",91311,[T]RE11-1,"13,330.2 (sq ft)",,,
5006011017,"5407 S 10TH AVE",90043,R1-1,"7,500.4 (sq ft)","1,244.0 (sq ft)",1,
4116025007,"426 E TALBERT ST",90293,R1-1,"6,000.4 (sq ft)","2,132.0 (sq ft)",1,
7420003025,"1307 N LAGOON AVE",90744,R1-1XL-O-CUGU,"5,547.9 (sq ft)","1,648.0 (sq ft)",1,
4384017007,"9648 W YOAKUM DR",90210,RE15-1-H-HCR,"15,340.5 (sq ft)","1,300.0 (sq ft)",1,
4405040018,"242 S CARMELINA AVE",90049,RS-1,"8,831.2 (sq ft)","3,418.0 (sq ft)",1,
2717006003,"11113 N CABRIOLE AVE",91326,RE11-1,"11,037.7 (sq ft)","2,168.0 (sq ft)",1,
5304008028,"965 E MONTECITO DR",90031,[Q]R1-1D-HCR,"5,620.5 (sq ft)","1,416.0 (sq ft)",1,
5177030006,"2725 E FOLSOM ST",90033,R2-1-CUGU,"5,849.4 (sq ft)","1,228.0 (sq ft)",1,
2033021003,"24331 W CALVERT ST",91367,RS-1,"8,040.5 (sq ft)","1,570.0 (sq ft)",1,
4006034008,"3456 W 71ST ST",90043,R3-1,"5,040.6 (sq ft)","1,336.0 (sq ft)",1,
4318009018,"10560 W ESTHER AVE",90064,R1-1-O,"7,602.0 (sq ft)","2,263.0 (sq ft)",1,
4380029005,"2240 N LATIMER LANE",90077,RE40-1-HCR,"2,531.4 (sq ft)",,,
5442004001,"2135 W SAN FERNANDO ROAD",90065,[Q]MR1-1-CDO-RIO,"14,399.0 (sq ft)","3,476.0 (sq ft)",0,
2644015024,"14276 W GAGER ST",91331,R1-1,"6,012.1 (sq ft)","1,531.0 (sq ft)",1,
2510007017,"13572 N KISMET AVE",91342,R1-1,"5,590.0 (sq ft)","1,672.0 (sq ft)",1,
5053017021,"2937 S LA SALLE AVE",90018,R1R3-O-CPIO,"3,750.7 (sq ft)","1,780.0 (sq ft)",1,
2027049032,"24127 W LANCE PL",91307,RE11-1-H,"11,003.6 (sq ft)","3,120.0 (sq ft)",1,
5127034020,,,RD2-1,"1,272.9 (sq ft)","1,603.0 (sq ft)",1,
5064008028,,,C2-1VL-CPIO,"3,256.1 (sq ft)","2,044.0 (sq ft)",0,
4250017035,"3348 S COLBERT AVE",90066,R1V2,"7,241.6 (sq ft)","1,824.0 (sq ft)",1,
5562002004,"8574 W LOOKOUT MOUNTAIN AVE",90046,R1-1-HCR,"2,500.0 (sq ft)","1,746.0 (sq ft)",1,
2871012012,"11411 N EDENBERG AVE",91326,RE9-1-H,"7,647.8 (sq ft)","1,633.0 (sq ft)",1,
2121002003,"7246 N LINDLEY AVE",91335,R1-1,"5,248.8 (sq ft)","1,914.0 (sq ft)",1,
5002006006,"1237 W 54TH ST",90037,R2-1-CPIO,"5,188.0 (sq ft)","1,521.0 (sq ft)",1,
7415010018,"1216 N RONAN AVE",90744,R1-1XL-O-CUGU,"5,334.4 (sq ft)","324.0 (sq ft)",1,
5517005013,"151 N OXFORD AVE",90004,R4-1,"7,162.7 (sq ft)","2,543.0 (sq ft)",1,
4008003004,"6564 S 3RD AVE",90043,R1-1,"4,803.8 (sq ft)","1,216.0 (sq ft)",1,
5081025012,"972 1-12 S WILTON PL",90019,R3-1,"6,837.3 (sq ft)","6,840.0 (sq ft)",8,
5116011022,"1415 E 41ST PL",90011,R2-1,"4,828.9 (sq ft)","420.0 (sq ft)",1,
7562021021,"1856 W PALACIOS DR",90732,R1-1XL,"7,676.2 (sq ft)","1,771.0 (sq ft)",1,
5473039002,,,RD2-1,"2,006.3 (sq ft)","600.0 (sq ft)",1,
2153028004,"6055 N SHIRLEY AVE",91356,RA-1,"23,397.9 (sq ft)","1,722.0 (sq ft)",1,
2114015007,"7336 N DELCO AVE",91306,RS-1,"7,499.7 (sq ft)","1,720.0 (sq ft)",1,
5422019021,"2152 W EWING ST",90039,R2-1VL,"7,490.6 (sq ft)","986.0 (sq ft)",1,
5475011015,"985 N EL PASO DR",90042,R1-1-HCR,"7,506.0 (sq ft)","670.0 (sq ft)",1,
2362018064,"12813 W MILBANK ST",91604,R1-1-RIO,"5,750.7 (sq ft)","2,177.0 (sq ft)",1,
5592007043,"3600 N LOWRY ROAD",90027,R1-1,"7,830.7 (sq ft)","1,944.0 (sq ft)",1,
2377010015,"11425 W CANTON DR",91604,RE15-1-H,"26,355.4 (sq ft)","3,060.0 (sq ft)",1,
5477008013,"4948 E BUCHANAN ST",90042,R1-1-HCR,"5,396.4 (sq ft)","1,571.0 (sq ft)",1,
2373007004,,,C2-1VL,"123.6 (sq ft)","1,939.0 (sq ft)",0,
2233025004,"16138 W GILMORE ST",91406,R1-1-RIO,"6,321.9 (sq ft)","1,200.0 (sq ft)",1,
5120027006,"822 1/2 E 32ND ST",90011,RD2-1,"5,302.9 (sq ft)","1,225.0 (sq ft)",1,
6070008022,"11023 S COMPTON AVE",90059,[Q]R4-1,"3,609.6 (sq ft)","760.0 (sq ft)",1,
5127003014,"2016 1/2 S TRINITY ST",90011,R3-1-O,"13,957.0 (sq ft)","2,316.0 (sq ft)",1,
5021012035,"4178 S LA SALLE AVE",90062,R1-1,"5,440.2 (sq ft)","3,067.0 (sq ft)",1,
5083005010,"1002 S LONGWOOD AVE",90019,R1-1-O,"8,749.5 (sq ft)","2,166.0 (sq ft)",1,
6050008021,"625 E 94TH ST",90002,R1-1,"5,053.9 (sq ft)","1,168.0 (sq ft)",1,
4311008007,"3033 S BEVERLY DR",90034,R1V2,"5,000.1 (sq ft)","797.0 (sq ft)",1,
5312024058,"678 E MILFORD ST",90042,[Q]R1-1D-HCR,"4,464.4 (sq ft)","3,158.0 (sq ft)",1,
5577022001,"2937 N LAKERIDGE DR",90068,RE15-1-H-HCR,"12,599.8 (sq ft)","2,148.0 (sq ft)",1,
5042009002,"2110 W 37TH PL",90018,R1-1-HPOZ,"2,000.1 (sq ft)","617.0 (sq ft)",1,
5592019009,"4217 W CROMWELL AVE",90027,RS-1,"8,959.1 (sq ft)","1,574.0 (sq ft)",1,
2178023019,"19501 W GREENBRIAR DR",91356,RA-1-H,"16,181.1 (sq ft)","2,516.0 (sq ft)",1,
5170019003,"2767 E OLYMPIC BLVD",90023,C2-1-CUGU,"6,500.1 (sq ft)","12,000.0 (sq ft)",0,
5536003016,"5526 W LA MIRADA AVE",90038,R3-1,"7,500.4 (sq ft)","7,632.0 (sq ft)",20,
5110028011,"317 1/2 W 52ND PL",90037,RD2-1,"4,998.5 (sq ft)","3,936.0 (sq ft)",4,
5178021015,"3125 E SIDE BLVD",90063,R2-1-CUGU,"3,250.0 (sq ft)","929.0 (sq ft)",1,
4313016037,"9603 W VENICE BLVD",90232,MU(EC),"4,377.0 (sq ft)","5,349.0 (sq ft)",0,
2157003076,"18347 W COLLINS ST",91356,R3-1,"41,603.3 (sq ft)","34,374.0 (sq ft)",38,
2623021007,"9952 N HADDON AVE",91331,R1-1-CUGU,"7,218.0 (sq ft)","1,476.0 (sq ft)",1,
2355003019,"11809 W HESBY ST",91607,R1-1,"8,119.9 (sq ft)","1,523.0 (sq ft)",1,
4412007022,"747 N VIA DE LA PAZ",90272,R1H1,"8,300.1 (sq ft)","5,006.0 (sq ft)",0,
2171016065,,,R1-1,"50.6 (sq ft)","1,944.0 (sq ft)",1,
2558004013,"7749 W WYNGATE ST",91042,C2-1VL,"3,078.7 (sq ft)","5,740.0 (sq ft)",1,
2615018022,"14547 W FOX ST",91345,RS-1,"16,834.9 (sq ft)","994.0 (sq ft)",1,
5057014020,"2745 S HARCOURT AVE",90016,R2-1,"5,200.9 (sq ft)","1,054.0 (sq ft)",1,
2184049012,"3800 N ALONZO AVE",91316,RA-1,"17,501.1 (sq ft)","3,965.0 (sq ft)",1,
5419020003,"1926 W SCOTT AVE",90026,C2-1L,"3,383.9 (sq ft)","1,856.0 (sq ft)",2,
2638001043,"8532 N VAN NUYS BLVD",91402,[Q]C2-1-CDO,"5,442.5 (sq ft)","4,150.0 (sq ft)",0,
4113023017,"7931 S NARDIAN WAY",90045,R1-1,"6,262.9 (sq ft)","1,280.0 (sq ft)",1,
5040007026,"1259 1/2 W 36TH PL",90007,RD1.5-1-CPIO,"3,375.9 (sq ft)","2,010.0 (sq ft)",2,
2505018039,"12885 N DE GARMO AVE",91342,R1-1,"6,781.4 (sq ft)","1,437.0 (sq ft)",1,
2820015029,"18900 W KILLOCH WAY",91326,RS-1,"7,505.9 (sq ft)","2,206.0 (sq ft)",1,
4382017003,"9924 W LIEBE DR",90210,RE40-1-H-HCR,"60,785.4 (sq ft)","3,117.0 (sq ft)",1,
2822024009,"11734 N SEMINOLE CIR",91326,RE11-1-H,"14,207.6 (sq ft)","2,341.0 (sq ft)",1,
2210014017,"8140 N WILLIS AVE",91402,R1-1,"6,239.8 (sq ft)","1,471.0 (sq ft)",1,
5135032005,"1418 S TOBERMAN ST",90015,RD1.5-1-HPOZ,"7,343.3 (sq ft)","1,284.0 (sq ft)",3,
2701039018,"20137 W VIA CELLINI",91326,RE11-1-H,"11,314.1 (sq ft)","4,721.0 (sq ft)",1,
2555036021,"10715 N FLORALITA AVE",91040,R1-1-RFA,"6,249.6 (sq ft)","1,364.0 (sq ft)",1,
5068024010,"1637 S ORANGE GROVE AVE",90019,R1R3-RG-O,"6,377.0 (sq ft)","1,056.0 (sq ft)",1,
4104012013,"5900 W 75TH ST",90045,R1-1,"7,998.3 (sq ft)","1,303.0 (sq ft)",1,
5563002020,"9013 W CRESCENT DR",90046,R1-1-HCR,"2,737.7 (sq ft)",,,
2677006021,"9801 N ODESSA AVE",91343,RS-1,"7,646.6 (sq ft)","2,099.0 (sq ft)",1,
2107012052,"20243 W INGOMAR ST",91306,R1-1,"5,570.7 (sq ft)","3,238.0 (sq ft)",1,
5567013031,"2012 N STANLEY HILLS DR",90046,R1-1-HCR,"3,000.0 (sq ft)",,,
5684014047,"4237 W AVENUE 40",90065,R1-1-CDO,"6,780.0 (sq ft)","1,407.0 (sq ft)",1,
2733019037,"17458 W CHATSWORTH ST",91344,C1-1XL,"6,041.7 (sq ft)","46,706.0 (sq ft)",54,
5309009030,"4525 N RICHARD DR",90032,[Q]R1-1D-HCR,"6,189.5 (sq ft)","1,591.0 (sq ft)",1,
2701070024,"11549 N SASSARI LANE",91326,[T]RZ4-1,"7,917.2 (sq ft)","3,195.0 (sq ft)",1,
5002022019,"1025 W 56TH ST",90037,R2-1-CPIO,"5,114.2 (sq ft)","1,710.0 (sq ft)",1,
7442036021,"27705 S STONEHURST LANE",90732,PVSP,"7,589.5 (sq ft)","2,272.0 (sq ft)",1,
2715033022,"11240 N CHIMINEAS AVE",91326,RE11-1,"11,295.9 (sq ft)","2,436.0 (sq ft)",1,
5685022002,"2054 W ESCARPA DR",90041,R1-1-HCR,"2,929.5 (sq ft)",,,
5406028010,"900 1-10 W COLLEGE ST",90012,"[LM2-MU2-5] [RG1-FA] [CPIO]","6,808.2 (sq ft)","8,054.0 (sq ft)",8,
5304014001,"815 E MONTECITO DR",90031,[Q]R1-1D-HCR,"7,302.2 (sq ft)","972.0 (sq ft)",1,
2623023010,"12883 W KAMLOOPS ST",91331,R1-1-CUGU,"6,763.7 (sq ft)","1,064.0 (sq ft)",1,
2161023026,"18310 W SAGE LANE",91356,R1-1,"7,651.3 (sq ft)","4,015.0 (sq ft)",1,
6048007016,"9721 S ANTWERP ST",90002,R1-1,"3,484.0 (sq ft)","912.0 (sq ft)",1,
7346007012,"21915 S NORMANDIE AVE",90501,R2-1,"8,830.0 (sq ft)","1,232.0 (sq ft)",1,
2149001020,"6410 N CANOGA AVE",91367,(WC)DOWNTOWN-SN,"204,807.1 (sq ft)","53,367.0 (sq ft)",0,
2510012038,"13415 N ELDRIDGE AVE",91342,R1-1,"5,045.6 (sq ft)","1,360.0 (sq ft)",1,
2358001015,"13129 W HARTSOOK ST",91423,R1-1,"6,886.0 (sq ft)","1,661.0 (sq ft)",1,
2045011012,"23816 W BESSEMER ST",91367,RS-1,"7,503.3 (sq ft)","1,888.0 (sq ft)",1,
2607004013,"17116 W BARNESTON ST",91344,RS-1,"11,336.7 (sq ft)","1,552.0 (sq ft)",1,
4005011013,"5950 S 8TH AVE",90043,R1-1,"4,800.0 (sq ft)","1,402.0 (sq ft)",1,
2423030050,"10658 W CHIQUITA ST",91602,R1-1-RIO,"5,028.2 (sq ft)","2,969.0 (sq ft)",1,
5522031008,"4723 W OAKWOOD AVE",90004,R3-1,"7,255.8 (sq ft)","2,318.0 (sq ft)",2,
6048025013,,,R2-1,"3,326.3 (sq ft)","1,259.0 (sq ft)",1,
7459005001,"1414 W 13TH ST",90732,R1-1XL,"4,085.5 (sq ft)","954.0 (sq ft)",1,
5070013003,"4854 W PICO BLVD",90019,C2-1-O,"630,531.8 (sq ft)","45,344.0 (sq ft)",0,
5453002046,"2658 1/2 E ALICE ST",90065,RD3-1-CDO-RIO,"6,531.7 (sq ft)","1,211.0 (sq ft)",2,
5174019018,"308 1/2 S BOYLE AVE",90033,[Q]R4-1-RIO-CUGU,"7,003.1 (sq ft)","10,132.0 (sq ft)",20,
2032025010,"6460 N ELLENVIEW AVE",91307,RE11-1,"11,695.7 (sq ft)","2,709.0 (sq ft)",1,
4370004026,"801 N STONE CANYON ROAD",90077,RE40-1-H-HCR,"46,695.0 (sq ft)","6,051.0 (sq ft)",1,
5142012030,"1614 1-12 W WILSHIRE BLVD",90017,C4-2,"6,145.2 (sq ft)","26,820.0 (sq ft)",0,
2362019016,"12836 W HORTENSE ST",91604,R1-1-RIO,"22,091.7 (sq ft)","3,432.0 (sq ft)",1,
5408032010,"827 N NORTH BROADWAY",90012,"[MN1-MK1-5] [CX1-FA] [CPIO]","6,740.5 (sq ft)","2,200.0 (sq ft)",0,
2178021041,"4401 N VANALDEN AVE",91356,RA-1,"11,613.6 (sq ft)","3,481.0 (sq ft)",1,
5116002025,"4169 S ASCOT AVE",90011,R2-1,"5,187.0 (sq ft)","1,116.0 (sq ft)",1,
5431016005,"2183 N KENILWORTH AVE",90039,R1-1VL,"5,043.4 (sq ft)","2,404.0 (sq ft)",1,
5128015039,,,R3-1,"6,641.8 (sq ft)","1,056.0 (sq ft)",0,
4423022015,"941 N KAGAWA ST",90272,R1V1,"6,499.0 (sq ft)","2,853.0 (sq ft)",1,
5049010027,,,R2-1,"2,600.1 (sq ft)","1,302.0 (sq ft)",1,
2167006014,"21331 W LOPEZ ST",91364,R1-1,"6,245.5 (sq ft)","1,024.0 (sq ft)",1,
5013013004,"4425 S CRENSHAW BLVD",90008,C2-2D-SP,"3,439.8 (sq ft)","1,242.0 (sq ft)",3,
5111007002,"312 W 42ND ST",90037,C2-1-CPIO,"2,006.9 (sq ft)","2,384.0 (sq ft)",2,
2632021019,"8517 N CAYUGA AVE",91352,[T][Q]MR1-1VL-CUGU,"7,419.7 (sq ft)","940.0 (sq ft)",1,
5043009006,"5426 W WESTHAVEN ST",90016,RD1.5-1,"5,056.4 (sq ft)","1,252.0 (sq ft)",1,
5518010034,"3921 W 1ST ST",90004,R3-1,"7,321.2 (sq ft)","7,680.0 (sq ft)",10,
2287006030,"17010 W ENCINO HILLS DR",91436,RE15-1-H,"10,819.2 (sq ft)","3,195.0 (sq ft)",1,
2237007023,"14127 W LEMAY ST",91405,R1-1-HPOZ,"7,495.3 (sq ft)","1,981.0 (sq ft)",1,
2384001011,"3908 N FAIRWAY AVE",91604,R1-1,"12,382.7 (sq ft)","4,044.0 (sq ft)",1,
4232026042,"12209 W CULVER BLVD",90066,RD2-1,"2,503.1 (sq ft)","2,679.0 (sq ft)",1,
4359004019,"465 S DALEHURST AVE",90024,R1-1,"4,050.6 (sq ft)","4,343.0 (sq ft)",1,
6037008023,"9107 S DALTON AVE",90047,R1-1,"6,748.1 (sq ft)","1,110.0 (sq ft)",1,
4423001017,"1111 N CHARM ACRES PL",90272,R1V1,"5,986.1 (sq ft)","2,287.0 (sq ft)",1,
2508010024,"14073 W AZTEC ST",91342,R1-1,"7,407.3 (sq ft)","1,107.0 (sq ft)",1,
2119007004,"18147 W COHASSET ST",91335,R1-1,"6,317.7 (sq ft)","1,628.0 (sq ft)",1,
4230027007,"4250 S BEETHOVEN ST",90066,R1-1,"4,400.4 (sq ft)","1,497.0 (sq ft)",1,
2538017023,"11053 W FENWAY ST",91352,RA-1-K,"9,063.4 (sq ft)","836.0 (sq ft)",1,
6011013042,"511 E 66TH ST",90003,R2-1,"5,401.1 (sq ft)","2,353.0 (sq ft)",4,
2137007006,"7018 N COZYCROFT AVE",91306,RS-1-RIO,"7,586.8 (sq ft)","1,342.0 (sq ft)",1,
2822009011,"11767 N PORTER VALLEY DR",91326,RE11-1-H,"9,422.8 (sq ft)","2,276.0 (sq ft)",1,
6033006001,"7901 S MARIPOSA AVE",90044,R1R3-CPIO,"4,750.1 (sq ft)","1,030.0 (sq ft)",1,
4259039034,"11811 W AYRES AVE",90064,R1-1,"6,127.9 (sq ft)","1,795.0 (sq ft)",1,
4228010030,"2425 S BRYAN AVE",90291,R1-1,"3,596.7 (sq ft)","2,008.0 (sq ft)",1,
7470022002,"1466 W SILVIUS AVE",90731,R1-1XL,"6,147.9 (sq ft)","2,974.0 (sq ft)",1,
5073020012,"2486 W 18TH ST",90019,R2-1-CPIO,"6,553.4 (sq ft)","3,365.0 (sq ft)",1,
4103017002,"7115 S KNOWLTON PL",90045,R1-1,"6,900.4 (sq ft)","1,842.0 (sq ft)",1,
2646023053,"13433 W GAGER ST",91331,R1-1-O-CUGU,"6,194.3 (sq ft)","1,795.0 (sq ft)",1,
6036006027,"8807 S GRAMERCY PL",90047,R1-1,"6,167.8 (sq ft)","1,262.0 (sq ft)",1,
5429011013,"1215 N MANZANITA ST",90029,RD2-1VL,"4,899.0 (sq ft)","3,075.0 (sq ft)",2,
4246032059,"3786 S MEIER ST",90066,R1V2,"5,057.1 (sq ft)","798.0 (sq ft)",1,
5689024010,"1550 W GLEN AYLSA AVE",90041,R1-1,"6,572.6 (sq ft)","2,296.0 (sq ft)",1,
5059005029,"4238 W 25TH ST",90018,RD2-1-O,"2,500.0 (sq ft)","2,204.0 (sq ft)",2,
7469015022,"3427 S LELAND ST",90731,R1-1XL,"6,245.2 (sq ft)","1,208.0 (sq ft)",1,
4254008028,"3113 S GLENDON AVE",90034,R1-1,"5,258.6 (sq ft)","1,921.0 (sq ft)",1,
6067027047,"2270 E SANTA ANA BLVD NORTH",90059,(Q)RZ2.5-1,"2,664.2 (sq ft)","1,843.0 (sq ft)",1,
2134026017,"19835 W HAMLIN ST",91367,RS-1-RIO,"7,498.9 (sq ft)","2,121.0 (sq ft)",1,
5468029031,"424 S AVE 56",90042,RD2-1,"3,748.1 (sq ft)","1,351.0 (sq ft)",1,
5430002030,"4143 W CAMERO AVE",90027,R1-1,"5,398.2 (sq ft)","1,092.0 (sq ft)",1,
5689011027,,,R1-1-HCR,"499.4 (sq ft)","1,467.0 (sq ft)",1,
2236001021,"14859 W ARCHWOOD ST",91405,C1.5-1VL,"4,472.6 (sq ft)","15,544.0 (sq ft)",0,
5146023030,"819 S GLADYS AVE",90021,"[LB1-WH1-5] [IX2-FA]","4,984.6 (sq ft)","2,883.0 (sq ft)",0,
2356011002,"12210 W MORRISON ST",91607,R1-1,"9,799.8 (sq ft)","2,634.0 (sq ft)",1,
2410007020,"7453 N RIVERTON AVE",91352,R1-1,"7,358.4 (sq ft)","800.0 (sq ft)",1,
6003027017,"1317 W GAGE AVE",90044,R2-1,"6,229.9 (sq ft)","1,869.0 (sq ft)",1,
6065027047,"10359 S KIMBERLY AVE",90002,R1-1,"5,114.9 (sq ft)","1,455.0 (sq ft)",1,
4320007047,"2245 S PELHAM AVE",90064,R1-1-O,"6,075.1 (sq ft)","3,301.0 (sq ft)",1,
2425005029,"3670 N REGAL PL",90068,RD1.5-1,"6,982.3 (sq ft)","1,934.0 (sq ft)",3,
5021032012,"1745 W 41ST ST",90062,R1-1,"5,876.2 (sq ft)","1,032.0 (sq ft)",1,
2770006029,"9012 N AMIGO AVE",91324,R1-1,"6,015.7 (sq ft)","1,352.0 (sq ft)",1,
6033015015,"1126 W 83RD ST",90044,R1-1,"5,577.7 (sq ft)","1,120.0 (sq ft)",1,
2250008012,"5441 N HALBRENT AVE",91411,R1-1-RIO,"5,748.9 (sq ft)","1,378.0 (sq ft)",1,
5103019002,"984 E 55TH ST",90011,R2-1,"7,077.7 (sq ft)","1,574.0 (sq ft)",1,
4240014019,"540 1/2 E SUNSET AVE",90291,RD1.5-1,"4,800.2 (sq ft)","492.0 (sq ft)",1,
2166004001,"5364 N QUAKERTOWN AVE",91364,RA-1,"17,807.0 (sq ft)","3,826.0 (sq ft)",1,
2677001008,"16533 W LABRADOR ST",91343,RS-1,"6,901.2 (sq ft)","1,772.0 (sq ft)",1,
4221014020,"12124 W HAVELOCK AVE",90230,R1-1,"5,320.5 (sq ft)","967.0 (sq ft)",1,
2708021010,"11050 N WINNETKA AVE",91311,A2-1,"97,600.9 (sq ft)","3,006.0 (sq ft)",1,
5054013005,"2938 S RAYMOND AVE",90007,[Q]R3-1-O-CPIO,"5,327.5 (sq ft)","2,528.0 (sq ft)",3,
2375013031,"13007 W WOODBRIDGE ST",91604,R1-1-RIO,"8,499.9 (sq ft)","2,120.0 (sq ft)",1,
2380020007,"3158 N LAUREL CANYON BLVD",91604,RE15-1-H,"8,808.0 (sq ft)","2,281.0 (sq ft)",1,
2229030013,"17500 W GILMORE ST",91406,R1-1-RIO,"7,333.2 (sq ft)","1,126.0 (sq ft)",1,
4108022029,"6367 W 84TH PL",90045,R1V2,"6,111.9 (sq ft)","1,183.0 (sq ft)",1,
5567004036,"2365 N STANLEY HILLS DR",90046,R1-1-HCR,"8,253.0 (sq ft)","3,016.0 (sq ft)",1,
5459010019,"3228 W WELDON AVE",90065,RD2-1-CDO-HCR,"4,802.7 (sq ft)","1,678.0 (sq ft)",1,
2316030005,,,C2-1,"3,257.4 (sq ft)","4,670.0 (sq ft)",1,
6017002017,"1959 W 73RD ST",90047,R2-1,"6,968.3 (sq ft)","1,353.0 (sq ft)",1,
6039004016,"451 W 93RD ST",90003,R1-1,"5,360.3 (sq ft)","817.0 (sq ft)",1,
2707012024,"20548 W GERMAIN ST",91311,RE11-1,"11,039.2 (sq ft)","3,332.0 (sq ft)",1,
5188024007,"1029 S CONCORD ST",90023,R2-1-CUGU,"7,675.0 (sq ft)","1,142.0 (sq ft)",1,
2178006903,,,RE40-1-H,"7,776.2 (sq ft)",,,
5464015005,"3726 E SAN RAFAEL AVE",90065,R1-1-HCR,"15,351.7 (sq ft)","2,137.0 (sq ft)",1,
2021005018,"23022 W WINDOM ST",91307,RS-1,"7,564.0 (sq ft)","1,161.0 (sq ft)",1,
5020013014,"4158 S RAYMOND AVE",90037,R2-1-CPIO,"6,406.7 (sq ft)","1,931.0 (sq ft)",1,
2649014011,"10526 N ORION AVE",91345,RS-1,"8,629.1 (sq ft)","1,235.0 (sq ft)",1,
2504022019,"13970 W FOOTHILL BLVD",91342,R3-1-CPIO,"11,549.2 (sq ft)","2,919.0 (sq ft)",4,
5049029006,"2846 S MANSFIELD AVE",90016,RD2-1,"2,100.1 (sq ft)","720.0 (sq ft)",1,
2184059003,"4904 N AVENIDA ORIENTE",91356,RA-1,"22,208.7 (sq ft)","5,633.0 (sq ft)",1,
5066020027,"1871 S ORANGE GROVE AVE",90019,R1R3-RG,"6,354.2 (sq ft)","2,189.0 (sq ft)",1,
5033015040,"3965 S CHERRYWOOD AVE",90008,R1-1,"6,808.0 (sq ft)","1,701.0 (sq ft)",1,
2338029019,"5624 N BECK AVE",91601,R1-1,"7,003.7 (sq ft)","938.0 (sq ft)",1,
2266017028,"4243 N STERN AVE",91423,R1-1,"6,997.0 (sq ft)","3,383.0 (sq ft)",1,
5156016015,"2839 W HYANS ST",90026,R3-1,"4,800.0 (sq ft)","2,824.0 (sq ft)",4,
5468013076,"318 S AVENUE 55",90042,RD2-1,"4,710.0 (sq ft)","1,066.0 (sq ft)",1,
5467007003,"110 1/2 E SYCAMORE PARK DR",90031,[Q]C2-1VL-HPOZ,"3,619.9 (sq ft)","5,360.0 (sq ft)",8,
5458026015,"3418 1/2 N DREW ST",90065,RD2-1-CDO,"11,519.8 (sq ft)","6,860.0 (sq ft)",12,
2334010039,"6248 N AGNES AVE",91606,R1-1,"6,749.8 (sq ft)","1,404.0 (sq ft)",1,
6004032026,"5877 S BONSALLO AVE",90044,R2-1-CPIO,"5,200.3 (sq ft)","600.0 (sq ft)",1,
5419006003,"1554 N LEMOYNE ST",90026,R2-1VL,"4,799.9 (sq ft)","1,054.0 (sq ft)",1,
5071017023,"1619 S VINEYARD AVE",90019,RD1.5-1-O,"7,500.1 (sq ft)","1,306.0 (sq ft)",1,
2173004010,"4325 N GAUGUIN AVE",91364,RE15-1-H,"13,595.0 (sq ft)","2,359.0 (sq ft)",1,
2047017006,"24258 W BURBANK BLVD",91367,RE11-1,"9,941.8 (sq ft)","1,936.0 (sq ft)",1,
4332021011,"1036 1-5 S BEDFORD ST",90035,[Q]R3-1-O,"5,911.2 (sq ft)","5,861.0 (sq ft)",5,
2277023023,"4122 N STONE CANYON AVE",91403,R1-1,"14,257.6 (sq ft)","1,464.0 (sq ft)",1,
2638033033,"8507 N COSTELLO AVE",91402,R1-1,"6,232.5 (sq ft)","1,116.0 (sq ft)",1,
4409020017,"781 N RANCH LANE",90272,RE11-1,"8,858.9 (sq ft)","5,606.0 (sq ft)",1,
2216025055,"13711 W VANOWEN ST",91405,[Q]C2-1VL,"12,024.1 (sq ft)","11,040.0 (sq ft)",0,
7414022026,"1523 N LYNTON AVE",90744,R1-1XL-O-CUGU,"5,759.6 (sq ft)","1,948.0 (sq ft)",1,
7438005001,"1551 W OAKHORNE DR",90710,R1-1XL-O,"5,000.6 (sq ft)","2,016.0 (sq ft)",1,
2284010025,"4451 N HAYVENHURST AVE",91436,RE15-1-H,"29,443.9 (sq ft)","4,417.0 (sq ft)",1,
2287004023,"17208 W ESCALON DR",91436,RE15-1-H,"8,980.8 (sq ft)","2,030.0 (sq ft)",1,
5087011019,"1122 S LA JOLLA AVE",90035,R1-1-O-HPOZ,"6,883.4 (sq ft)","2,270.0 (sq ft)",1,
2129018034,"19101 W ARCHWOOD ST",91335,R1-1-RIO,"6,188.4 (sq ft)","1,178.0 (sq ft)",1,
2181005016,"18113 W TARZANA ST",91356,R1-1,"6,181.2 (sq ft)","1,008.0 (sq ft)",1,
5589030032,"4763 W HOLLYWOOD BLVD",90027,[Q]C2-2D,"9,076.3 (sq ft)","11,812.0 (sq ft)",0,
5087004007,"1215 1-4 S ORLANDO AVE",90035,RD1.5-1-O-HPOZ,"7,236.5 (sq ft)","4,724.0 (sq ft)",4,
6011006004,"7021 S SAN PEDRO ST",90003,[Q]R4-1,"4,318.2 (sq ft)","1,824.0 (sq ft)",0,
5419027013,"1312 N LAVETA TER",90026,R3-1L,"1,654.4 (sq ft)","1,235.0 (sq ft)",2,
5220028009,"5588 E ALHAMBRA AVE",90032,MR1-1VL,"5,692.8 (sq ft)","1,584.0 (sq ft)",0,
5135032037,"1424 S TOBERMAN ST",90015,RD1.5-1-HPOZ,"7,346.0 (sq ft)","6,780.0 (sq ft)",6,
2637009016,"13549 W RELIANCE ST",91331,R1-1,"6,651.9 (sq ft)","1,898.0 (sq ft)",1,
5716014027,"1001 N RUTLAND AVE",90042,R1-1-HCR,"6,303.9 (sq ft)","1,540.0 (sq ft)",1,
5473030025,"1741 W COLLEGE VIEW PL",90041,R1-1-HCR,"9,653.3 (sq ft)","1,891.0 (sq ft)",1,
2104032017,"7242 N CLAIRE AVE",91335,R1-1,"6,749.9 (sq ft)","1,348.0 (sq ft)",1,
5159016011,"239 N GLENDALE BLVD",90026,[Q]C2-1VL-O,"3,193.0 (sq ft)",,,
5053028011,"2638 S HALLDALE AVE",90018,RD1.5-1-O-CPIO,"7,400.1 (sq ft)","3,418.0 (sq ft)",4,
5560033002,,,R1-1-HCR,"6,056.9 (sq ft)","1,848.0 (sq ft)",1,
5214023028,"4620 E RICHELIEU TER",90032,[Q]R1-1D-HCR,"5,837.1 (sq ft)","1,103.0 (sq ft)",1,
5486015031,"6085 E MERIDIAN ST",90042,R1-1-HCR,"7,892.4 (sq ft)","1,468.0 (sq ft)",1,
2130006003,"19518 W SHERMAN WAY",91335,R1-1-RIO,"5,999.8 (sq ft)","1,296.0 (sq ft)",1,
5092015036,"886 S NORTON AVE",90005,R2-1-HPOZ,"7,814.9 (sq ft)","2,130.0 (sq ft)",1,
2645004014,"10054 N VENA AVE",91331,R1-1-O,"4,899.7 (sq ft)","1,279.0 (sq ft)",1,
2357003012,"5118 N BELLAIRE AVE",91607,R1-1,"9,379.5 (sq ft)","5,521.0 (sq ft)",1,
4387011001,"9595 W STUART LANE",90210,RE15-1-H-HCR,"13,673.0 (sq ft)","2,318.0 (sq ft)",1,
6063005028,"10119 S AVALON BLVD",90003,C2-1VL-CPIO,"4,054.1 (sq ft)","1,200.0 (sq ft)",0,
2504022015,"13994 1-15 W FOOTHILL BLVD",91342,R3-1-CPIO,"17,332.0 (sq ft)","9,342.0 (sq ft)",15,
2327006100,"7010 N FULTON AVE",91605,R3-1,"10,306.0 (sq ft)","6,816.0 (sq ft)",12,
5404002021,"1016 N BONNIE BRAE ST",90026,R3-1VL-CDO,"9,064.4 (sq ft)","4,136.0 (sq ft)",8,
5678027008,"3227 W TERZILLA PL",90065,R1-1-CDO-HCR,"5,837.4 (sq ft)","1,100.0 (sq ft)",1,
5434025016,"2924 W RIVERSIDE DR",90039,CM-1VL-RIO,"4,489.9 (sq ft)","2,358.0 (sq ft)",1,
2701091049,"11818 N HILLSBOROUGH LANE",91326,[T]RE-1,"9,728.9 (sq ft)",,,
5466022010,"4626 N GLENALBYN DR",90065,R1-1-HPOZ-HCR,"5,816.7 (sq ft)","1,710.0 (sq ft)",1,
5164020013,"2011 E 7TH ST",90021,"[MB1-CDF1-5] [IX4-FA] [CPIO]","5,311.1 (sq ft)","5,309.0 (sq ft)",0,
2711013003,"17559 W LAHEY ST",91344,RA-1,"16,958.4 (sq ft)","1,643.0 (sq ft)",1,
5210034005,,,CM-1VL,"6,118.4 (sq ft)","5,280.0 (sq ft)",0,
2169008004,,,R2-1,"3,124.9 (sq ft)","1,948.0 (sq ft)",1,
2745001014,,,[Q]C2-2D,"6,532.0 (sq ft)","1,050.0 (sq ft)",0,
2103009028,"18561 W STRATHERN ST",91335,RA-1,"21,757.0 (sq ft)","839.0 (sq ft)",1,
2118007024,"18647 W COHASSET ST",91335,R1-1,"6,824.7 (sq ft)","1,521.0 (sq ft)",1,
5030017010,"4034 S COCO AVE",90008,R3-1XL,"8,321.6 (sq ft)","17,106.0 (sq ft)",18,
2034028031,"24125 W HARTLAND ST",91307,RS-1,"7,499.8 (sq ft)","1,921.0 (sq ft)",1,
5146002037,"1011 E 8TH ST",90021,"[LB1-WH1-5] [IX2-FA]","3,210.2 (sq ft)","6,400.0 (sq ft)",0,
2272001017,"3913 N HOLLYLINE AVE",91423,RE40-1-H,"108,917.9 (sq ft)",,,
5570037003,"3116 N NICHOLS CANYON ROAD",90046,RE15-1-H-HCR,"8,193.1 (sq ft)","1,865.0 (sq ft)",1,
2779028006,"21807 W NAPA ST",91304,RS-1,"7,605.9 (sq ft)","1,349.0 (sq ft)",1,
4306019009,"1701 S BAGLEY AVE",90035,R1V2,"7,634.4 (sq ft)","2,552.0 (sq ft)",1,
5215039025,"4601 E NORELLE ST",90032,[Q]R1-1D-HCR,"8,083.0 (sq ft)","1,123.0 (sq ft)",1,
5051036032,"3034 S 9TH AVE",90018,R2-1XL-O,"5,783.4 (sq ft)","1,500.0 (sq ft)",2,
2762035001,"19119 1-34 W NORDHOFF ST",91324,R3-1,"46,360.2 (sq ft)","33,380.0 (sq ft)",38,
2870014028,"18122 W COLCHESTER WAY",91326,RE11-1-H,"19,072.2 (sq ft)","3,124.0 (sq ft)",1,
2870003019,"18678 W CUMNOCK PL",91326,RE11-1-H,"8,742.5 (sq ft)","2,435.0 (sq ft)",1,
2101013011,"8060 N ZELZAH AVE",91335,R1-1,"5,999.5 (sq ft)","1,192.0 (sq ft)",1,
2339006001,"5807 N RADFORD AVE",91607,R1-1,"6,047.6 (sq ft)","1,379.0 (sq ft)",1,
4356017020,"1447 N SAN YSIDRO DR",90210,RE40-1-H-HCR,"14,835.4 (sq ft)","5,782.0 (sq ft)",1,
6018027014,"1515 W 79TH ST",90047,R1-1,"5,438.6 (sq ft)","1,328.0 (sq ft)",1,
5582007008,"3145 N DURAND DR",90068,R1-1-HCR,"1,546.0 (sq ft)","4,598.0 (sq ft)",1,
2701032016,"19808 W SIERRA MEADOWS LANE",91326,RD6-1,"4,861.5 (sq ft)","2,358.0 (sq ft)",1,
2416019015,"5538 N CARTWRIGHT AVE",91601,R1-1VL,"6,138.4 (sq ft)","1,147.0 (sq ft)",1,
5082024019,,,C4-1-O,"1,916.0 (sq ft)","2,117.0 (sq ft)",1,
5085012018,"5422 W EDGEWOOD PL",90019,R2-1-HPOZ,"6,250.1 (sq ft)","1,749.0 (sq ft)",1,
2745003010,"22156 W ROMAR ST",91311,R1-1,"9,060.6 (sq ft)","2,107.0 (sq ft)",1,
6033024016,"1011 W 84TH PL",90044,C2-2D-CPIO,"5,500.2 (sq ft)",,,
4127010016,"5534 W 76TH ST",90045,R1-1,"6,055.8 (sq ft)","806.0 (sq ft)",1,
5105012012,"5551 S HOLMES AVE",90058,CM-2D-CPIO,"4,800.4 (sq ft)","720.0 (sq ft)",1,
2369004002,"12109 W CANTURA ST",91604,R1-1-RIO,"5,199.9 (sq ft)","1,815.0 (sq ft)",1,
5121005010,"682 E 36TH ST",90011,RD2-1,"4,800.1 (sq ft)","1,092.0 (sq ft)",1,
2148004009,"6751 N LURLINE AVE",91306,RS-1-RIO,"7,499.7 (sq ft)","1,362.0 (sq ft)",1,
4110025034,"7471 S DENROCK AVE",90045,R1V2,"5,876.0 (sq ft)","2,620.0 (sq ft)",1,
6019005018,"1327 W 78TH ST",90044,R1-1,"5,933.6 (sq ft)","1,391.0 (sq ft)",1,
2076003028,"22932 W CASS AVE",91364,R1-1,"8,141.9 (sq ft)","1,778.0 (sq ft)",1,
5053007004,,,C2-2D-O-HPOZ-CPIO,"2,340.1 (sq ft)","1,274.0 (sq ft)",0,
4264004005,"553 S MORENO AVE",90049,RE15-1,"27,026.7 (sq ft)","7,894.0 (sq ft)",1,
2038010005,"23033 W VICTORY BLVD",91307,RS-1,"8,997.2 (sq ft)","1,354.0 (sq ft)",1,
5054004023,"1644 W 25TH ST",90007,R2-1-HPOZ,"5,000.0 (sq ft)","1,907.0 (sq ft)",1,
2524016006,"13466 W BROWNELL ST",91340,R1-1-CUGU,"7,438.8 (sq ft)","910.0 (sq ft)",1,
2078006006,"22611 W FLAMINGO ST",91364,RE15-1-H,"10,471.9 (sq ft)","2,233.0 (sq ft)",1,
7425015003,"1310 E ROBIDOUX ST",90744,R1-1XL-O-CUGU,"5,120.6 (sq ft)","1,424.0 (sq ft)",1,
5469009002,"645 N AVE 50",90042,RD2-1-HCR,"6,154.0 (sq ft)","1,092.0 (sq ft)",1,
6013024005,"7014 S ESTRELLA AVE",90044,R2-1,"5,397.8 (sq ft)","1,210.0 (sq ft)",1,
4377041051,"11727 W FOLKSTONE LANE",90077,(Q)RD6-1-H-HCR,"5,944.8 (sq ft)","3,882.0 (sq ft)",1,
5484031034,"6207 E MOUNT ANGELUS PL",90042,R1-1-HPOZ-HCR,"7,349.5 (sq ft)","1,820.0 (sq ft)",1,
2212004017,"8243 N LENNOX AVE",91402,R1-1,"6,371.6 (sq ft)","1,718.0 (sq ft)",1,
2166022008,"20445 W WELLS DR",91364,RA-1,"16,829.7 (sq ft)","1,772.0 (sq ft)",1,
2501018021,,,RS-1-K,"8,744.6 (sq ft)","1,376.0 (sq ft)",1,
5085008032,"1031 S BURNSIDE AVE",90019,R1-1-O-HPOZ,"7,366.2 (sq ft)","2,416.0 (sq ft)",1,
4404011006,"308 S KENTER AVE",90049,R1-1,"5,755.0 (sq ft)","1,572.0 (sq ft)",1,
4257023051,"2523 S AMHERST AVE",90064,R1-1,"5,048.1 (sq ft)","3,295.0 (sq ft)",1,
4371020011,"869 UNKNOWN ST (HH)",90077,RE40-1-H-HCR,"3,147.3 (sq ft)",,,
2118022005,"7325 N RHEA AVE",91335,R1-1,"8,036.9 (sq ft)","1,629.0 (sq ft)",1,
2761034023,"9826 N BELMAR AVE",91324,RA-1,"16,838.7 (sq ft)","3,196.0 (sq ft)",1,
7414019028,"1324 W Q ST",90744,R1-1XL-CUGU,"7,422.6 (sq ft)","1,382.0 (sq ft)",1,
4259039052,"12004 W AYRES AVE",90064,R1-1,"4,726.6 (sq ft)","1,500.0 (sq ft)",1,
5119021007,"1246 E ADAMS BLVD",90011,RD1.5-1,"5,891.9 (sq ft)","1,202.0 (sq ft)",1,
6083009029,"251 E 116TH PL",90061,R2-1,"3,988.0 (sq ft)","1,080.0 (sq ft)",1,
4321006054,"2079 S PROSSER AVE",90025,R1-1-O,"6,882.0 (sq ft)","2,429.0 (sq ft)",1,
2364009023,"12455 W SARAH ST",91604,R1-1-RIO,"8,734.6 (sq ft)","3,080.0 (sq ft)",1,
5179020027,"308 N LORENA ST",90063,RD1.5-1-CUGU,"9,232.9 (sq ft)","3,425.0 (sq ft)",2,
2747009083,"21323 W MAYALL ST",91311,RS-1,"7,352.5 (sq ft)","1,969.0 (sq ft)",1,
2283020010,"4362 N FIRMAMENT AVE",91403,R1-1,"11,122.7 (sq ft)","3,998.0 (sq ft)",1,
4238022017,"1803 S STRONGS DR",90291,R3-1-O,"3,836.0 (sq ft)","11,408.0 (sq ft)",2,
5432020007,"2335 N KENILWORTH AVE",90039,R1-1VL,"8,781.6 (sq ft)","1,996.0 (sq ft)",1,
2639034008,"8931 N COSTELLO AVE",91402,R1-1,"9,896.2 (sq ft)","996.0 (sq ft)",1,
5512009009,"141 S VISTA ST",90036,R1-1-HPOZ,"6,103.5 (sq ft)","2,612.0 (sq ft)",1,
5087014002,"1110 S ALVIRA ST",90035,R1-1-O-HPOZ,"6,376.2 (sq ft)","400.0 (sq ft)",1,
2293001017,"3836 N HAYVENHURST AVE",91436,RE15-1-H,"25,425.5 (sq ft)","2,339.0 (sq ft)",1,
2408014019,"8430 N LEHIGH AVE",91352,R1-1-CUGU,"6,322.2 (sq ft)","845.0 (sq ft)",1,
7448016033,"916 N GAFFEY PL",90731,R1-1XL,"3,370.3 (sq ft)","1,106.0 (sq ft)",1,
5064009033,"1771 S HAUSER BLVD",90019,RD1.5-1,"5,406.8 (sq ft)","1,320.0 (sq ft)",1,
4307014014,"1919 S ROXBURY DR",90035,R1V2-O,"11,642.1 (sq ft)","3,029.0 (sq ft)",1,
2110001085,"8235 1-38 N OWENSMOUTH AVE",91304,R3-1,"45,399.8 (sq ft)","38,978.0 (sq ft)",41,
2130022014,"7012 N SHIRLEY AVE",91335,R1-1-RIO,"6,037.3 (sq ft)","1,062.0 (sq ft)",1,
2701022003,"19617 W PINE VALLEY WAY",91326,RE11-1-H,"9,163.3 (sq ft)","3,662.0 (sq ft)",1,
2503015012,"13439 W ASTORIA ST",91342,RS-1,"9,099.2 (sq ft)","1,961.0 (sq ft)",1,
2123003010,"6505 N YARMOUTH AVE",91335,R1-1-RIO,"6,041.4 (sq ft)","1,447.0 (sq ft)",1,
5188015006,"3564 1/2 E SISKIYOU ST",90023,RD1.5-1-CUGU,"3,329.9 (sq ft)","696.0 (sq ft)",1,
2405007018,,,R1-1,"2,770.9 (sq ft)","1,181.0 (sq ft)",1,
4114026003,"7533 W 85TH ST",90293,R1-1,"4,903.1 (sq ft)","2,261.0 (sq ft)",1,
6119017016,"566 W 149TH ST",90248,R1-1,"5,204.8 (sq ft)","1,321.0 (sq ft)",1,
5135004005,"1310 S WESTLAKE AVE",90006,RD1.5-1-HPOZ,"9,432.2 (sq ft)","616.0 (sq ft)",2,
5058011009,"2407 S GRAMERCY PARK",90018,R1-1-O-HPOZ,"6,929.2 (sq ft)","3,180.0 (sq ft)",1,
6016012009,"1926 W 65TH PL",90047,R1-1,"4,084.2 (sq ft)","1,142.0 (sq ft)",1,
5153003034,"428 3/4 S BURLINGTON AVE",90057,R4-1,"9,089.5 (sq ft)","2,661.0 (sq ft)",4,
4314021019,"3326 1-9 S KEYSTONE AVE",90034,R3-1,"7,495.2 (sq ft)","7,766.0 (sq ft)",9,
2701077008,"11689 N CETONA WAY",91326,RE-1,"6,510.2 (sq ft)","3,134.0 (sq ft)",1,
5544007033,"5449 A-D W HOLLYWOOD BLVD",90027,[Q]C4-2D,"70,287.4 (sq ft)","16,340.0 (sq ft)",0,
5420033008,"1540 W EWING ST",90026,RD3-1VL,"3,374.1 (sq ft)","1,295.0 (sq ft)",1,
5455002010,"2044 E ISABEL ST",90065,RD2-1,"1,260.6 (sq ft)","405.0 (sq ft)",1,
2353003018,"11263 W OTSEGO ST",91601,R4-1VL,"6,894.1 (sq ft)","5,327.0 (sq ft)",8,
6054021024,"535 1/2 W CENTURY BLVD",90044,R3-1,"4,040.4 (sq ft)","536.0 (sq ft)",1,
2219023003,"6847 N VESPER AVE",91405,R1-1,"6,752.3 (sq ft)","1,316.0 (sq ft)",1,
5209018014,"2835 N FOREST PARK DR",90032,[Q]RE20-1D-HCR,"3,943.6 (sq ft)",,,
4246011001,"12563 W WINDWARD AVE",90066,R1V2,"7,500.2 (sq ft)","1,860.0 (sq ft)",1,
2514009024,"12133 N BROMONT AVE",91340,R1-1-CUGU,"6,057.7 (sq ft)","1,661.0 (sq ft)",1,
2782035010,"19709 W GRESHAM ST",91324,RS-1,"8,531.6 (sq ft)","1,465.0 (sq ft)",1,
2509009004,"12977 N SPROULE AVE",91342,R1-1,"6,102.1 (sq ft)","1,259.0 (sq ft)",1,
2329001004,"13622 1/2 W VANOWEN ST",91405,[Q]RD1.5-1,"6,111.1 (sq ft)","2,806.0 (sq ft)",4,
5420029006,"1728 N ASHMORE PL",90026,RD3-1VL,"3,664.9 (sq ft)","875.0 (sq ft)",1,
5518029016,"255 S NEW HAMPSHIRE AVE",90004,R3-1,"7,800.0 (sq ft)","19,607.0 (sq ft)",25,
5206006016,"2676 N WORKMAN ST",90031,RD1.5-1-HPOZ,"7,495.0 (sq ft)","1,159.0 (sq ft)",1,
2078006021,"22600 W WATERBURY ST",91364,RE15-1-H,"14,598.6 (sq ft)","2,521.0 (sq ft)",1,
5042005001,"3601 S 2ND AVE",90018,R1-1-HPOZ,"5,600.5 (sq ft)","1,662.0 (sq ft)",1,
2023008009,"22014 W CANTLAY ST",91303,R1-1,"6,499.7 (sq ft)","994.0 (sq ft)",1,
6015003019,"1615 W 65TH ST",90047,R1-1,"4,763.9 (sq ft)","936.0 (sq ft)",1,
2263025022,"14611 W HUSTON ST",91403,R1-1-RIO,"6,087.4 (sq ft)","1,860.0 (sq ft)",1,
5473016015,,,R1-1-HCR,"1,741.5 (sq ft)","388.0 (sq ft)",1,
2543006024,"10222 W MCBROOM ST",91040,RA-1-K,"18,288.3 (sq ft)","2,222.0 (sq ft)",1,
4423012024,"1023 N HARTZELL ST",90272,R1V1,"5,203.1 (sq ft)","1,106.0 (sq ft)",1,
4294008029,"5502 S PACIFIC AVE",90292,RW1-1,"3,865.3 (sq ft)","4,321.0 (sq ft)",1,
6014024027,"1337 W 69TH ST",90044,R1-1,"4,026.7 (sq ft)","925.0 (sq ft)",1,
6002014033,"1611 W 60TH ST",90047,R1-1,"3,370.5 (sq ft)","858.0 (sq ft)",1,
2137006011,"6930 N COZYCROFT AVE",91306,RS-1-RIO,"7,760.5 (sq ft)","1,224.0 (sq ft)",1,
2369006007,"12133 W MAXWELLTON ROAD",91604,R1-1-RIO,"7,616.2 (sq ft)","1,765.0 (sq ft)",1,
6046003038,"9405 S HICKORY ST",90002,R1-1,"3,375.2 (sq ft)","1,344.0 (sq ft)",1,
4406024005,"321 S CHADBOURNE AVE",90049,RE11-1,"16,738.9 (sq ft)","10,144.0 (sq ft)",1,
2153019005,"5709 N CORBIN AVE",91356,RA-1,"17,002.7 (sq ft)","1,700.0 (sq ft)",1,
7559014025,"1606 W 1ST ST",90732,R1-1XL,"13,094.9 (sq ft)","1,616.0 (sq ft)",1,
5435009028,"3939 W BOYCE AVE",90039,R1-1-RIO,"4,053.0 (sq ft)","1,175.0 (sq ft)",1,
2784017022,"19150 W COMMUNITY ST",91324,RS-1,"7,597.2 (sq ft)","1,461.0 (sq ft)",1,
2039027017,"22425 W OXNARD ST",91367,RE11-1,"11,054.3 (sq ft)","2,398.0 (sq ft)",1,
5021023002,"4256 S HOBART BLVD",90062,R1-1,"5,525.1 (sq ft)","1,187.0 (sq ft)",1,
6040014002,"8607 S BROADWAY",90003,C2-1-CPIO,"2,568.2 (sq ft)","7,623.0 (sq ft)",0,
4116016012,"260 E REES ST",90293,R1-1,"6,994.2 (sq ft)","2,340.0 (sq ft)",1,
2222035032,"7126 N FIRMAMENT AVE",91406,R1-1,"9,882.3 (sq ft)","1,552.0 (sq ft)",1,
4431005016,"17137 W AVENIDA DE SANTA YNEZ",90272,R1-1,"14,558.0 (sq ft)","3,001.0 (sq ft)",1,
5015027007,"4638 S ARLINGTON AVE",90043,R2-1,"6,044.8 (sq ft)","946.0 (sq ft)",1,
5438018018,"2718 W LOCKSLEY PL",90039,RD2-1VL,"5,418.8 (sq ft)","2,174.0 (sq ft)",1,
4409004006,"1247 N VILLA WOODS DR",90272,RE11-1,"26,585.3 (sq ft)","3,839.0 (sq ft)",1,
5551030009,"1345 N SPAULDING AVE",90046,R1-1-HPOZ,"6,750.4 (sq ft)","1,279.0 (sq ft)",1,
5590022010,"4543 W KINGSWELL AVE",90027,R2-1XL,"6,755.0 (sq ft)","2,374.0 (sq ft)",2,
6032018050,"633 W 85TH ST",90044,R3-1,"6,303.2 (sq ft)","1,146.0 (sq ft)",1,
5214009008,"4514 E DUDLEY DR",90032,[Q]R1-1D-HCR,"3,106.4 (sq ft)",,,
2602009021,"13070 N MEADOWLARK AVE",91344,RS-1,"8,257.0 (sq ft)","2,625.0 (sq ft)",1,
2146008256,"22001 W BURBANK BLVD",91367,(WC)TOPANGA-SN,"26,168.9 (sq ft)","1,539.0 (sq ft)",1,
2610010029,,,OS-1XL,"276.7 (sq ft)","1,909.0 (sq ft)",1,
6014030019,"1115 W 71ST ST",90044,R1-1,"4,684.8 (sq ft)","1,374.0 (sq ft)",1,
